,,,,"eco-indicator 99, (H,A):ecosystem quality:total","eco-indicator 99, (H,A):human health:total","eco-indicator 99, (H,A):resources:total","eco-indicator 99, (H,A):total:total","ReCiPe Endpoint (H,A):ecosystem quality:total","ReCiPe Endpoint (H,A):human health:total","ReCiPe Endpoint (H,A):resources:total","ReCiPe Endpoint (H,A):total:total",ReCiPe Midpoint (H) V1.13 no LT:agricultural land occupation:ALOP,ReCiPe Midpoint (H) V1.13 no LT:climate change:GWP100,ReCiPe Midpoint (H) V1.13 no LT:fossil depletion:FDP,ReCiPe Midpoint (H) V1.13 no LT:freshwater ecotoxicity:FETPinf,ReCiPe Midpoint (H) V1.13 no LT:freshwater eutrophication:FEP,ReCiPe Midpoint (H) V1.13 no LT:human toxicity:HTPinf,ReCiPe Midpoint (H) V1.13 no LT:ionising radiation:IRP_HE,ReCiPe Midpoint (H) V1.13 no LT:marine ecotoxicity:METPinf,ReCiPe Midpoint (H) V1.13 no LT:marine eutrophication:MEP,ReCiPe Midpoint (H) V1.13 no LT:metal depletion:MDP,ReCiPe Midpoint (H) V1.13 no LT:natural land transformation:NLTP,ReCiPe Midpoint (H) V1.13 no LT:ozone depletion:ODPinf,ReCiPe Midpoint (H) V1.13 no LT:particulate matter formation:PMFP,ReCiPe Midpoint (H) V1.13 no LT:photochemical oxidant formation:POFP,ReCiPe Midpoint (H) V1.13 no LT:terrestrial acidification:TAP100,ReCiPe Midpoint (H) V1.13 no LT:terrestrial ecotoxicity:TETPinf,ReCiPe Midpoint (H) V1.13 no LT:urban land occupation:ULOP,ReCiPe Midpoint (H) V1.13 no LT:water depletion:WDP
0,10898,"1,1-difluoroethane, HFC-152a//[RoW] 1,1-difluoroethane production, HFC-152a",CC(F)F,0.029223775,0.18842241,0.096575509,0.31422169,0.098793007,0.22525399,0.15120089,0.47524789,0.2751363,4.8625922,1.2280829,0.002845886,0.000390579,0.39823969,0.36490991,0.004735412,0.000483437,0.1845119,-0.000219295,3.24491E-07,0.009197026,0.011374045,0.027287617,0.000234237,0.02399386,0.11249601
1,10899,1-propanol//[RoW] 1-propanol production,CCCO,0.020063422,0.18491959,0.23220042,0.43718343,0.094041395,0.21073663,0.27899147,0.5837695,0.2325845,4.6122155,2.3096369,0.002793166,0.000253544,0.32013245,0.182468,0.003206007,0.000452383,0.10565356,-0.000237094,3.75756E-07,0.00989845,0.04740918,0.021212684,0.000185679,0.025273835,0.074330366
3,10900,"2,4-dichlorophenol//[RoW] 2,4-dichlorophenol production",C1=CC(=C(C=C1Cl)Cl)O,0.020926499,0.18648717,0.1744991,0.38191277,0.081113318,0.19712883,0.23287919,0.51112134,0.13621335,4.1321657,1.9234807,0.00374591,0.000303985,0.71778446,0.14227491,0.010285136,0.000495768,0.14216402,-0.000252798,1.01554E-06,0.009406004,0.016055545,0.0162065,0.001028062,0.029834324,0.075457949
4,10901,"2,4-dichlorotoluene//[RoW] 2,4-dichlorotoluene production",CC1=C(C=C(C=C1)Cl)Cl,0.014858949,0.12801471,0.15770718,0.30058083,0.059870878,0.14341138,0.18514696,0.38842922,0.090371104,3.082904,1.5593397,0.002069198,0.00019868,0.62085014,0.10691953,0.009099566,0.000383376,0.10002425,-0.000157589,9.60842E-07,0.006441157,0.010206292,0.011691888,0.000948644,0.019193419,0.069542243
5,13950,"2,4-dinitrotoluene//[GLO] 2,4-dinitrotoluene production",CC1=C(C=C(C=C1)[N+](=O)[O-])[N+](=O)[O-],0.023303968,0.093422143,0.15338025,0.27010636,0.042908317,0.1080529,0.15608575,0.30704697,0.054891341,2.2242285,1.3477956,0.002072037,0.000113296,0.1729489,0.060888827,0.002661753,0.002359208,0.081021504,-8.29343E-05,1.29214E-07,0.006706569,0.005548508,0.033234824,0.000156744,0.009131567,0.037018619
6,1355,"2,4-di-tert-butylphenol//[GLO] 2,4-di-tert-butylphenol production",CC(C)(C)C1=CC(=C(C=C1)O)C(C)(C)C,0.011936997,0.11072056,0.21773497,0.34039253,0.062353808,0.13459155,0.23741769,0.43436305,0.072469151,3.3055735,2.02223,0.002545138,0.000159847,0.15364317,0.059099514,0.00195564,0.000251621,0.079811266,-0.00013604,7.9324E-08,0.005237451,0.012644349,0.009848621,9.59012E-05,0.015596794,0.035538916
7,1356,"2,5-dimethylhexane-2,5-dihydroperoxide//[GLO] 2,5-dimethylhexane-2,5-dihydroperoxide production",CC(C)(CCC(C)(C)OO)OO,0.02199594,0.17758115,0.21762958,0.41720667,0.090629806,0.20551279,0.25466007,0.55080266,0.13400778,4.7154809,2.1811016,0.00286151,0.000339922,0.31740248,0.1519028,0.003767691,0.000471083,0.14867256,-0.000215136,1.99379E-07,0.00888393,0.021082359,0.017964087,0.000250346,0.024033697,0.07252066
8,1357,"2,6-di-tert-butylphenol//[GLO] 2,6-di-tert-butylphenol production",CC(C)(C)C1=C(C(=CC=C1)C(C)(C)C)O,0.012334644,0.11463436,0.22717351,0.35414252,0.064765039,0.13968455,0.24739748,0.45184707,0.074568397,3.4353371,2.1078004,0.002642645,0.000164659,0.15791442,0.060769053,0.002013047,0.00026087,0.081761906,-0.000140507,8.16051E-08,0.005427346,0.013170347,0.010212141,9.90964E-05,0.016154867,0.036993602
9,15513,2-butanol//[RoW] 2-butanol production by hydration of butene,CCC(C)O,0.011554392,0.10494838,0.26290982,0.37941259,0.082291409,0.16615185,0.27295391,0.52139716,0.17182075,4.2215747,2.394333,0.002164086,0.000117567,0.17865807,0.030745642,0.001693716,0.000298842,0.049854513,-0.000113053,1.32321E-07,0.005622613,0.010879211,0.014957038,0.000108911,0.012145296,0.22074606
11,10902,2-methyl-2-butanol//[RoW] 2-methyl-2-butanol production,CCC(C)(C)O,0.012105846,0.10113121,0.20643246,0.31966951,0.066352344,0.14076334,0.22774847,0.43486416,0.21508921,3.2032053,1.9498198,0.004292098,0.000125455,0.20774236,0.033490069,0.002314344,0.000283832,0.045072761,-0.000124888,1.71678E-07,0.005762808,0.012626685,0.01572258,0.000148226,0.014329647,0.078717436
13,10903,2-nitroaniline//[RoW] 2-nitroaniline production,C1=CC=C(C(=C1)N)[N+](=O)[O-],0.033064911,0.2552224,0.24527052,0.53355784,0.12739013,0.28776874,0.3154621,0.73062097,0.17088777,6.6036358,2.6108708,0.066317419,0.00039452,0.5980268,0.15241371,0.011896409,0.009035734,0.27788424,-0.000317118,9.77888E-07,0.012384719,0.029556087,0.026990455,0.00053765,0.037180017,0.091771904
14,10904,2-pyridinol//[RoW] 2-pyridinol production,C1=CC(=O)NC=C1,0.4853064,3.3529645,5.7816686,9.6199396,1.964221,4.2513541,6.1330682,12.348643,3.0300866,101.10092,52.52816,0.17879967,0.005419666,10.438083,2.7536422,0.12984445,0.90905241,3.5868209,-0.004046703,7.50292E-06,0.16257825,0.32833732,0.38088034,0.010456939,0.53510955,1.2653639
16,10905,3-methyl-1-butyl acetate//[RoW] 3-methyl-1-butyl acetate production,CC(C)CCOC(=O)C,0.022127689,0.17027107,0.26590084,0.4582996,0.10952704,0.22429349,0.3057182,0.63953872,0.37786759,5.1573481,2.611089,0.004481724,0.000253366,0.33975993,0.18870521,0.003965145,0.000470886,0.10676668,-0.000220193,4.65942E-07,0.009170431,0.016529726,0.023200357,0.000380716,0.026889449,0.047830704
17,10906,4-methyl-2-pentanone//[RoW] 4-methyl-2-pentanone production,CC(C)CC(=O)C,0.015902469,0.13713929,0.30592002,0.45896179,0.083881756,0.18528763,0.31495408,0.58412346,0.092044241,4.4644737,2.7595244,0.006617511,0.00026668,0.2245931,0.068299618,0.002722305,0.000404248,0.090617989,-0.000142848,1.20687E-07,0.007529116,0.043717337,0.01798667,0.000166996,0.017769794,0.068533024
18,10907,4-tert-butylbenzaldehyde//[RoW] 4-tert-butylbenzaldehyde production,CC(C)(C)C1=CC=C(C=C1)C=O,0.016689456,0.1372761,0.28274003,0.43670558,0.087474263,0.18477974,0.29415988,0.56641389,0.087757603,4.6672095,2.5174047,0.002955258,0.000199545,0.25131374,0.090430472,0.00357825,0.000338317,0.12472302,-0.000161727,1.45587E-07,0.006610081,0.012722024,0.013390195,0.000216529,0.018597731,0.077103572
19,10908,4-tert-butyltoluene//[RoW] 4-tert-butyltoluene production,CC1=CC=C(C=C1)C(C)(C)C,0.006627932,0.050676358,0.2255012,0.28280549,0.042548735,0.085572028,0.21289743,0.3410182,0.02486721,2.333589,1.8582499,0.001163355,5.54924E-05,0.076393046,0.022919401,0.001207627,0.000156274,0.038378978,-4.43804E-05,4.04397E-08,0.002586064,0.007720218,0.006161867,7.62212E-05,0.005561938,0.040677227
20,10910,acetaldehyde//[RoW] acetaldehyde production,CC=O,0.007328629,0.057981976,0.15342922,0.21873983,0.034033136,0.074713523,0.1550284,0.26377506,0.05079266,1.7919056,1.3233974,0.000757362,7.56918E-05,0.088617691,0.028874491,0.000916464,0.000174831,0.038990774,-5.90322E-05,3.31E-08,0.003030346,0.005826858,0.006475074,8.94044E-05,0.005666092,0.019667291
21,10912,acetanilide//[RoW] acetanilide production,CC(=O)NC1=CC=CC=C1,0.030804672,0.21775783,0.25231436,0.50087686,0.10375142,0.24621906,0.301906,0.65187648,0.14332102,5.3152646,2.5097829,0.01429993,0.000367368,0.79055957,0.15131613,0.00748965,0.001334837,0.28140029,-0.000272365,3.62097E-07,0.011012878,0.020739516,0.026081994,0.000629576,0.033929103,0.080037203
22,10913,"acetic acid, without water, in 98% solution state//[RoW] acetic acid production, product in 98% solution state",CC(=O)O,0.00878079,0.078196866,0.13414871,0.22112636,0.036334595,0.080870703,0.14593242,0.26313772,0.056021712,1.7589323,1.2642012,0.004396321,0.000132424,0.1629043,0.12668224,0.002484749,0.000176661,0.071796524,-0.000107325,3.5973E-07,0.003891251,0.006883305,0.007375044,0.000392992,0.01076713,0.03864722
23,10914,"acetic anhydride//[RoW] acetic anhydride production, ketene route",CC(=O)OC(=O)C,0.017123024,0.13701724,0.19447296,0.34861322,0.077729823,0.16365543,0.22207651,0.46346176,0.16341382,3.7747507,1.8945809,0.008293147,0.000231309,0.29796445,0.19967302,0.004578996,0.000334727,0.12572524,-0.000190892,5.27812E-07,0.006760144,0.01204642,0.014794901,0.000638689,0.022544857,0.20184568
24,10915,acetoacetic acid//[RoW] acetoacetic acid production,CC(=O)CC(=O)O,0.033921457,0.25144499,0.40512998,0.69049643,0.16353421,0.33239965,0.44273724,0.9386711,0.32640184,8.1555194,3.7242109,0.008980724,0.000811485,0.57547583,0.28390544,0.008310772,0.000623334,0.28420984,-0.000345768,7.39398E-07,0.011744436,0.026345224,0.026745494,0.000815904,0.04505033,0.11006064
25,10916,acetone cyanohydrin//[RoW] acetone cyanohydrin production,CC(C)(C#N)O,0.006241096,0.065277491,0.25581406,0.32733264,0.068243609,0.14379498,0.23614063,0.44817922,0.000536118,3.8753881,2.1384219,0.000761896,0.000240612,0.033813954,0.000340573,0.000458278,0.000428501,0.001193606,-9.89202E-07,1.77001E-09,0.004729285,0.016595011,0.016082549,4.94208E-05,0.000310534,0.022943457
26,10917,"acetone, liquid//[RoW] acetone production, from isopropanol",CC(=O)C,0.010993893,0.087276021,0.2186244,0.31689432,0.052818605,0.11361837,0.21821159,0.38464857,0.058954571,2.7942833,1.8614203,0.001851952,0.000131193,0.16811283,0.052542765,0.002426813,0.000221586,0.09209403,-9.72916E-05,1.14059E-07,0.00413497,0.024119624,0.009611957,0.000149308,0.011898175,0.019990147
30,10919,acetyl chloride//[RoW] acetyl chloride production,CC(=O)Cl,0.031234225,0.24204116,0.29222201,0.5654974,0.14348897,0.30084856,0.3431191,0.78745663,0.27870326,7.1591924,2.8884005,0.023887059,0.000408816,0.61187513,0.2870527,0.017625393,0.000601423,0.23277195,-0.000325473,8.32215E-07,0.011519188,0.019858489,0.024419259,0.001106531,0.040148217,0.27446297
31,10920,acetylene//[RoW] acetylene production,C#C,0.022759502,0.31221267,0.094452335,0.4294245,0.11589476,0.29077638,0.20994172,0.61661286,0.14353731,6.0649357,1.7531726,0.004749048,0.000387806,0.36940348,0.28423808,0.003439641,0.000628704,0.067241389,-0.000352279,2.31407E-07,0.016780967,0.017513883,0.024272744,0.000206745,0.030200979,0.14140471
32,10921,aclonifen//[RoW] aclonifen production,C1=CC=C(C=C1)OC2=C(C(=C(C=C2)[N+](=O)[O-])N)Cl,0.045391803,0.37113061,0.28790536,0.70442777,0.16712739,0.39095803,0.40307119,0.96115661,0.33960297,8.4187711,3.2932367,0.072733485,0.00061878,0.98190297,0.22981117,0.019939064,0.006544719,0.37847196,-0.000499328,1.44719E-06,0.018120375,0.034168891,0.035691503,0.00100312,0.056677075,0.14329987
33,10922,acrolein//[RoW] acrolein production,C=CC=O,0.00701552,0.078114771,0.1918508,0.27698109,0.046008881,0.10052388,0.19598956,0.34252232,0.038639061,2.4837758,1.677823,0.001281095,9.46155E-05,0.10541144,0.052747956,0.001284513,0.000194494,0.041064845,-7.82491E-05,6.07908E-08,0.004077452,0.00986794,0.007800954,7.86449E-05,0.006931649,0.035385603
34,10923,acrylic acid//[RoW] acrylic acid production,C=CC(=O)O,0.004265332,0.044193218,0.14303456,0.19149311,0.037845629,0.074257391,0.13837888,0.2504819,0.026059469,2.0777421,1.1799996,0.00049335,5.88184E-05,0.065356947,0.020274585,0.00073049,0.000108134,0.038611718,-4.19829E-05,2.11392E-08,0.002013924,0.004252073,0.004249541,3.32129E-05,0.003789454,0.010914802
36,10933,adipic acid//[RoW] adipic acid production,C(CCC(=O)O)CC(=O)O,0.024144439,0.23789425,0.22019654,0.48223523,0.26975692,0.49109375,0.28090892,1.0417596,0.26051506,14.621379,2.4013775,0.003572273,0.000257648,0.31015767,0.053826876,0.003790103,0.000630711,0.15013162,-0.000239777,2.50894E-07,0.010048373,0.020330089,0.025258992,0.000225711,0.028027594,0.039230609
38,10954,"alkylbenzene sulfonate, linear, petrochemical//[RoW] alkylbenzene sulfonate production, linear, petrochemical",CCCCCCC(CCCCC)C1=CC=C(C=C1)S(=O)(=O)O,0.01100015,0.069798169,0.15595276,0.23675108,0.031677941,0.077919249,0.16819563,0.27779282,0.085547914,1.5473,1.3703275,0.001389048,0.000118247,0.30732619,0.029121272,0.002022376,0.000206793,0.068743162,-0.000101486,1.58568E-07,0.003718452,0.007546222,0.00839026,0.00011404,0.0111711,0.019351957
39,10953,"alkylbenzene, linear//[RoW] alkylbenzene production, linear",CCCCCCCCCC1=CC=CC=C1,0.010977034,0.079191799,0.19814404,0.28831288,0.040198418,0.092440954,0.21168343,0.3443228,0.1120563,1.9819842,1.71021,0.00086333,0.000126783,0.13401975,0.020385075,0.001504949,0.000216223,0.066858545,-0.0001076,4.44853E-08,0.00426267,0.009368698,0.009689663,8.94964E-05,0.011968447,0.020902345
40,15523,"allyl chloride//[RoW] allyl chloride production, reaction of propylene and chlorine",C=CCCl,0.006047599,0.057537382,0.096911765,0.16049675,0.027949712,0.064157214,0.10580218,0.1979091,0.044045076,1.451754,0.88973974,0.000963668,8.7366E-05,0.10618212,0.039085983,0.001110733,0.000170236,0.04666758,-6.75065E-05,3.97184E-07,0.002905269,0.004396566,0.005434702,5.88608E-05,0.007504133,0.020833664
41,10957,alpha-naphthol//[RoW] alpha-naphthol production,C1=CC=C2C(=C1)C=CC=C2O,0.023427192,0.16016972,0.24263355,0.42623046,0.067936233,0.16025662,0.26309575,0.49128861,0.11725546,3.1577228,2.084341,0.004486053,0.000282506,0.37059199,0.34181676,0.005203769,0.000416335,0.18348553,-0.000201033,1.27936E-06,0.008138269,0.010525752,0.019852269,0.00030983,0.025833516,0.065234891
42,10958,alpha-picoline//[RoW] alpha-picoline production,CC1=CC=CC=N1,0.017504545,0.12329786,0.27072327,0.41152568,0.07278538,0.15783097,0.27844197,0.50905832,0.1167561,3.766329,2.3673978,0.003589459,0.000177561,0.26948867,0.091345976,0.003500631,0.004010507,0.10724237,-0.000138656,1.63015E-07,0.006287286,0.01446842,0.014448605,0.00027498,0.017060646,0.051765477
43,1425,aluminium chloride//[GLO] aluminium chloride production,[Al](Cl)(Cl)Cl,0.02940913,0.24078643,0.073465278,0.34366083,0.098152861,0.23935013,0.15737721,0.4948802,0.1522644,5.0933398,1.2631182,0.002094157,0.000276275,0.65247515,0.11150525,0.004667113,0.000592489,0.10702746,-0.000439828,6.2287E-07,0.012614902,0.015876568,0.024746137,0.000348537,0.032937974,0.047288517
44,10966,aluminium fluoride//[RoW] aluminium fluoride production,F[Al](F)F,0.021537338,0.090458203,0.040530303,0.15252584,0.02744275,0.074672532,0.049046423,0.1511617,0.040331654,1.4075538,0.38109735,0.001137134,8.96003E-05,0.39239914,0.033575227,0.001897014,0.000199134,0.073150729,-9.44533E-05,1.03486E-07,0.003753242,0.005539133,0.009227869,7.19304E-05,0.011605246,0.016325088
46,1135,aluminium oxide//[UN-OCEANIA] aluminium oxide production,[O-2].[O-2].[O-2].[Al+3].[Al+3],0.006476914,0.12635584,0.066440723,0.19927347,0.020160709,0.06627448,0.040111676,0.12654687,0.015664448,1.0603297,0.31985223,0.001999594,4.56269E-05,0.8854908,0.019461957,0.002086219,0.000161208,0.072692749,-5.50501E-05,1.09042E-07,0.002795024,0.004539718,0.007092249,5.8835E-05,0.012672582,0.005723737
47,10975,"aluminium sulfate, powder//[RoW] aluminium sulfate production, powder",[O-]S(=O)(=O)[O-].[O-]S(=O)(=O)[O-].[O-]S(=O)(=O)[O-].[Al+3].[Al+3],0.008214584,0.065109878,0.027169081,0.10049354,0.016100411,0.049316551,0.036345591,0.10176255,0.037661909,0.78195815,0.27373415,0.001010355,0.00010484,0.21706408,0.033103203,0.001539057,0.000117636,0.078758358,-6.94596E-05,5.70089E-08,0.002763426,0.003225975,0.006891952,7.8673E-05,0.008941451,0.013518594
49,10985,"ammonia, liquid//[RoW] ammonia production, steam reforming, liquid",N,0.007784944,0.039156492,0.11967262,0.16661406,0.035914221,0.066944079,0.11192438,0.21478268,0.020251724,1.881724,1.02912,0.005963033,4.592E-05,0.20154469,0.053048879,0.004321024,0.000196226,0.052229837,-2.97166E-05,2.67387E-07,0.001696432,0.003173907,0.004080057,0.000297092,0.003758865,0.05567806
51,10986,ammonium bicarbonate//[RoW] ammonium bicarbonate production,C(=O)(O)[O-].[NH4+],0.007443121,0.051665837,0.043502659,0.10261162,0.025402949,0.056413594,0.054209475,0.13602602,0.045903665,1.2760688,0.44555055,0.001856608,9.40875E-05,0.15400439,0.044551619,0.002286249,0.000195134,0.071006908,-6.97082E-05,1.03494E-07,0.002289477,0.002781306,0.00441446,0.000245424,0.007059335,0.016888051
52,10987,ammonium carbonate//[RoW] ammonium carbonate production,C(=O)([O-])[O-].[NH4+].[NH4+],0.009601315,0.058416037,0.064545981,0.13256333,0.03109301,0.068158729,0.07294122,0.17219296,0.046109925,1.5746824,0.61917488,0.002721287,9.581E-05,0.1863176,0.054432609,0.003032738,0.007700521,0.074831419,-7.19343E-05,1.54367E-07,0.002804585,0.00331775,0.007065756,0.000287089,0.007663755,0.034046927
53,1451,ammonium chloride//[GLO] ammonium chloride production,[NH4+].[Cl-],0.012845541,0.081358381,0.072168126,0.16637205,0.037441022,0.088778038,0.088723647,0.21494271,0.072855019,1.8541925,0.73486453,0.002767426,0.000145531,0.3771929,0.083876079,0.005936032,0.01358603,0.10024142,-0.000101856,4.13426E-07,0.003936534,0.004611698,0.009651124,0.000527235,0.011759831,0.044801174
55,10988,"ammonium nitrate, as N//[RoW] ammonium nitrate production",[NH4+].[N+](=O)([O-])[O-],0.037485579,0.21678715,0.16927739,0.42355012,0.1603896,0.32360414,0.17513353,0.65912727,0.11575753,8.6263733,1.4350108,0.008378356,0.000298919,0.56568819,0.11762811,0.010485478,0.002221072,0.54707585,-0.000155683,4.24566E-07,0.010738505,0.017717902,0.03688069,0.000602701,0.020332829,0.073503721
59,10990,"ammonium sulfate, as N//[RoW] ammonium sulfate production",[NH4+].[NH4+].[O-]S(=O)(=O)[O-],0.014005266,0.08593726,0.060653373,0.1605959,0.04145605,0.091573954,0.083245395,0.2162754,0.15802403,1.9139664,0.67018758,0.00211708,0.000201875,0.26902647,0.026700831,0.003072518,0.000172629,0.17337328,-0.000140517,1.12455E-07,0.00349848,0.005363958,0.008277568,0.000115621,0.014556212,0.004589912
60,1455,ammonium thiocyanate//[GLO] ammonium thiocyanate production,C(#N)[S-].[NH4+],0.010000023,0.0573608,0.15442183,0.22178266,0.035176122,0.0748637,0.15102231,0.26106213,0.036599516,1.7639586,1.3844131,0.006776691,7.60048E-05,0.26717718,0.088019606,0.00429705,0.003087133,0.055810475,-6.17117E-05,3.16178E-07,0.003073585,0.004415421,0.008695001,0.000288115,0.008409005,0.042422741
61,10998,anhydrite//[RoW] anhydrite production,OS(=O)(=O)O.[Ca],0.000143605,0.006989965,0.00080872,0.00794229,0.000607147,0.004065613,0.0012512,0.00592396,0.001208776,0.032779447,0.010443296,2.28762E-05,1.68842E-06,0.00217049,0.001618704,2.58286E-05,5.90095E-06,0.000650989,-1.30493E-05,2.32504E-09,0.000578265,0.000150942,0.000173657,2.09316E-06,0.000291303,0.000136293
62,10999,aniline//[RoW] aniline production,C1=CC=C(C=C1)N,0.031156828,0.21460365,0.24034202,0.4861025,0.10113493,0.24696629,0.29152051,0.63962173,0.12124127,5.287063,2.4171287,0.01277962,0.000351152,0.88068284,0.086321983,0.007084743,0.001635575,0.2915689,-0.000250265,2.01578E-07,0.011089856,0.021707039,0.027708692,0.000424958,0.030823974,0.067018285
63,11007,anthranilic acid//[RoW] anthranilic acid production,C1=CC=C(C(=C1)C(=O)O)N,0.033592334,0.21717004,0.29361877,0.54438114,0.16520904,0.33398876,0.30658702,0.80578481,0.12143237,8.9209219,2.5960596,0.00689371,0.00030413,0.45170468,0.12088007,0.008204955,0.01764227,0.4163687,-0.000195491,3.78008E-07,0.010691432,0.021882569,0.033209847,0.000509397,0.022960723,0.0943007
64,11008,anthraquinone//[RoW] anthraquinone production,C1=CC=C2C(=C1)C(=O)C3=CC=CC=C3C2=O,0.6601243,1.0710506,0.7371204,2.4682953,0.42577436,1.0485878,1.846123,3.3204851,0.70747764,21.660416,7.9915516,0.040867226,0.001450697,1.7940798,0.68970368,0.036737742,0.002389239,0.70438202,-0.001261597,1.46238E-06,0.053523731,0.065437217,0.11759498,0.001616114,0.15330881,0.37839474
65,11009,antimony//[RoW] antimony production,[Sb],1.0573083,18.979515,0.19846042,20.235284,0.29540232,7.1214558,0.43274942,7.8496076,1.0745344,10.097807,2.6494023,0.037066666,0.095939958,14.210386,0.44189732,0.04616358,0.018147502,0.96608209,-0.004656262,5.06248E-07,0.18464813,0.1437522,0.17264572,0.000991315,0.51690664,0.15207914
67,11014,"argon, liquid//[RoW] argon production, liquid",[Ar],0.00947975,0.12556702,0.039501566,0.17454833,0.049718507,0.12202494,0.088611269,0.26035472,0.080106726,2.5706832,0.74685999,0.001834435,0.000168831,0.14031081,0.16029212,0.0012307,0.000277246,0.015090386,-0.000138924,1.1751E-07,0.006796458,0.006654196,0.010747898,7.72885E-05,0.011364274,0.065958404
68,1489,arsine//[GLO] arsine production,[AsH3],0.51089399,0.70211124,0.29662303,1.5096283,0.17196937,0.57817848,0.43780097,1.1879488,0.43202492,8.332174,2.3986506,0.006197305,0.002041131,5.5784948,0.28822682,0.077225029,0.002048825,3.290742,-0.000937125,1.5535E-06,0.026464568,0.036744132,0.061427643,0.003830715,0.085133118,0.1349521
70,11015,ascorbic acid//[RoW] ascorbic acid production,C(C(C1C(=C(C(=O)O1)O)O)O)O,0.16815043,0.18837551,0.089226559,0.44575249,0.14819924,0.16972956,0.13406603,0.45199483,1.7374447,3.5740066,1.0974877,0.007189175,0.000383337,0.36337214,0.14275678,0.004908418,0.012032891,0.28840963,-0.000213454,2.13438E-07,0.008845505,0.010127841,0.020960205,0.004632423,0.055566674,0.063157903
71,11019,atrazine//[RoW] atrazine production,CCNC1=NC(=NC(=N1)Cl)NC(C)C,0.042448244,0.32585399,0.33524552,0.70354776,0.16043408,0.36966819,0.40504955,0.93515181,0.30012636,8.1450062,3.382898,0.006028328,0.000734336,1.303209,0.26628376,0.01797167,0.006348847,0.3701291,-0.000421975,1.70372E-06,0.015548483,0.023009979,0.032931059,0.001598261,0.049546503,0.14642422
73,11021,azodicarbonamide//[RoW] azodicarbonamide production,C(=O)(N)N=NC(=O)N,0.10607565,0.74639416,0.47521418,1.327684,0.29277348,0.72316866,0.6526574,1.6685995,0.62616675,14.395614,5.3154858,0.39290422,0.001309339,2.0408357,0.72273064,0.028135418,0.059213525,0.81727532,-0.000928919,5.3635E-06,0.037078163,0.041315501,0.081576478,0.069639085,0.11913424,0.46284595
74,1514,barium carbonate//[GLO] barium carbonate production,C(=O)([O-])[O-].[Ba+2],0.013125705,0.092602883,0.041062923,0.14679151,0.044552529,0.50596341,0.067732459,0.61824839,0.12085646,2.1455088,0.52350717,0.1934538,0.000184341,29.639731,0.078433371,0.200445,0.000306463,0.11667538,-0.000158604,1.10909E-07,0.004364708,0.005872666,0.009239406,0.000123261,0.020137248,0.056972642
75,1515,barium hydroxide//[GLO] barium hydroxide production,[OH-].[OH-].[Ba+2],0.025193568,0.18426449,0.084456371,0.29391443,0.087916893,1.2091756,0.13791177,1.4350043,0.21448619,4.2699576,1.0774239,0.48082695,0.000358055,73.643965,0.16331699,0.49741011,0.00054419,0.2254592,-0.000302649,2.25792E-07,0.008613102,0.011329502,0.017195428,0.00024696,0.039354313,0.081707255
76,1516,barium oxide//[GLO] barium oxide production,O=[Ba],0.022256748,0.16081086,0.072593056,0.25566066,0.079319724,0.99502149,0.11874517,1.1930864,0.19494181,3.8611179,0.9236576,0.3894311,0.000313231,59.653366,0.13946287,0.40307438,0.000497234,0.19776454,-0.000267713,1.95286E-07,0.0075145,0.010024036,0.015376533,0.000216242,0.034892202,0.081813914
77,1517,barium sulfide//[GLO] barium sulfide production,[S-2].[Ba+2],0.005166508,0.040347076,0.018969068,0.064482652,0.022486613,0.24001919,0.029493478,0.29199928,0.038364884,1.1382239,0.23139156,0.091341819,7.05657E-05,13.988852,0.035942069,0.094542543,0.00010567,0.046730246,-7.563E-05,5.18762E-08,0.001847553,0.002734664,0.003472305,4.98833E-05,0.008945791,0.039402274
78,11047,benzal chloride//[RoW] benzal chloride production,C1=CC=C(C=C1)C(Cl)Cl,0.011438915,0.095693075,0.15023166,0.25736365,0.050568859,0.11762667,0.16664518,0.33484071,0.082641914,2.6042546,1.420884,0.001727477,0.000141235,0.56415086,0.062584306,0.008478897,0.000279736,0.074399095,-0.000114807,5.68775E-07,0.004841522,0.008687753,0.009427773,0.000921454,0.013771428,0.054624491
79,11048,benzaldehyde//[RoW] benzaldehyde production,C1=CC=C(C=C1)C=O,0.02275824,0.18030192,0.25544742,0.45850758,0.096534487,0.2212282,0.28980684,0.60756952,0.18133033,4.9078861,2.4559358,0.003261242,0.000276436,0.97568603,0.11271494,0.014389755,0.000521039,0.15712493,-0.00022958,9.42272E-07,0.009030044,0.01600447,0.018291356,0.001516898,0.030175395,0.097506605
80,1558,benzaldehyde-2-sulfonic acid//[GLO] benzaldehyde-2-sulfonic acid production,C1=CC=C(C(=C1)C=O)S(=O)(=O)[O-].[Na+],0.05807358,0.52560634,0.37925533,0.96293524,0.25071904,0.59979437,0.52890324,1.3794166,0.41356085,12.83802,4.4281286,0.015853801,0.000810789,1.1773186,0.56937332,0.01570134,0.001342179,0.35053454,-0.000646322,2.48905E-06,0.028278176,0.033346604,0.064070068,0.001191946,0.071005198,0.15860504
81,11049,benzene//[RoW] benzene production,C1=CC=CC=C1,0.006094335,0.026680532,0.20726385,0.24003872,0.03139748,0.062778929,0.18700377,0.28118018,0.000166997,1.7861455,1.6390344,0.000190616,8.96912E-07,0.007185202,9.93132E-05,0.000586794,0.000118152,0.000673038,-2.92084E-07,5.54809E-10,0.001793965,0.005671804,0.005809095,3.96194E-05,8.44953E-05,0.032537952
82,11053,benzyl alcohol//[RoW] benzyl alcohol production,C1=CC=C(C=C1)CO,0.021130239,0.1456812,0.22882282,0.39563426,0.082645983,0.18235994,0.25235067,0.51735659,0.19741027,4.1295832,2.1273227,0.003065469,0.000252112,0.60698419,0.079508511,0.008579622,0.00052881,0.15461191,-0.00019158,4.93344E-07,0.007250447,0.013722645,0.016911489,0.000803549,0.026157927,0.09200233
83,11054,benzyl chloride//[RoW] benzyl chloride production,C1=CC=C(C=C1)CCl,0.010132874,0.07979742,0.17654363,0.26647393,0.04826783,0.10700651,0.18292811,0.33820245,0.069472106,2.5228804,1.5766132,0.001547693,0.000110586,0.3891234,0.046030283,0.005810809,0.000238717,0.06147836,-9.08879E-05,3.74134E-07,0.004065954,0.008786005,0.008489159,0.000609775,0.011348773,0.052292454
84,11059,"bisphenol A, powder//[RoW] bisphenol A production, powder",CC(C)(C1=CC=C(C=C1)O)C2=CC=C(C=C2)O,0.016503966,0.14076501,0.24468462,0.4019536,0.075526083,0.16884714,0.27791485,0.52228807,0.094145098,3.9681546,2.3589615,0.003547829,0.000232843,0.21159308,0.075660248,0.002719852,0.000338661,0.10491613,-0.000188482,1.06643E-07,0.007206579,0.018531717,0.013563732,0.000155623,0.022379012,0.046666533
85,11086,"borax, anhydrous, powder//[RoW] borax production, anhydrous, powder",B1(OB2OB(OB(O1)O2)[O-])[O-].[Na+].[Na+],0.0069137,0.087344318,0.049567072,0.14382509,0.030097128,0.078998978,0.062584528,0.17168063,0.041152164,1.5158592,0.55823643,0.001725423,6.17745E-05,0.075616899,0.052378979,0.001140313,0.000207079,0.018860085,1.70074E-05,1.1195E-07,0.006008389,0.005796008,0.006664228,5.75892E-05,0.007026433,0.005033788
87,1609,boric oxide//[GLO] boric oxide production,B(=O)OB=O,0.031894343,0.24517653,0.099895837,0.37696671,0.049695076,0.17510357,0.12624188,0.35104053,0.14099471,2.2626839,0.98274273,0.003352433,0.00032475,0.35538159,0.11933478,0.005315896,0.000530783,0.24270218,2.23514E-05,2.37696E-07,0.015013013,0.014949532,0.026159156,0.000272039,0.023268988,0.061099742
88,1610,boron carbide//[GLO] boron carbide production,B12B3C14B2B43,0.10744488,0.98018626,0.35708436,1.4447155,0.33486705,0.88856889,0.55586125,1.7792972,0.58038885,16.911918,4.4570327,0.013299106,0.001284785,1.3101127,0.71239817,0.017274792,0.002092322,0.68118448,-0.000381145,9.12532E-07,0.055970106,0.057746463,0.094490368,0.000929145,0.09714912,0.20060634
89,1611,boron trifluoride//[GLO] boron trifluoride production,B(F)(F)F,0.041857554,0.26335425,0.13475081,0.43996262,0.058741429,0.20723093,0.16600172,0.43197408,0.19136118,2.6396747,1.2893577,0.004698829,0.000459625,1.0508866,0.13955377,0.007509115,0.000553916,0.36774344,-0.000139621,2.92643E-07,0.014477892,0.015861161,0.034632244,0.00039403,0.03263052,0.090116026
90,11100,bromine//[RoW] bromine production,BrBr,0.018115923,0.14080323,0.18562197,0.34454112,0.1047865,0.21643509,0.21871486,0.53993645,0.07127539,5.5483166,1.9102128,0.008014785,0.000175206,0.29556038,0.14395102,0.007028695,0.000388842,0.071649297,-0.000160947,7.8001E-07,0.007205774,0.010797942,0.018135738,0.000632368,0.017891398,0.45453504
91,11101,bromopropane//[RoW] bromopropane production,CC(C)Br,0.019481763,0.14157274,0.22118271,0.38223721,0.09587093,0.19925277,0.24654291,0.54166661,0.11878451,4.8841116,2.093075,0.005532596,0.000209701,0.38011356,0.23064489,0.00699446,0.000402982,0.10983086,-0.000174311,9.70476E-07,0.00715277,0.010962399,0.017911876,0.000575658,0.020870831,0.34475466
92,11102,bronze//[RoW] bronze production,[Cu].[Sn],1.1515322,6.77146,1.5502372,9.4732294,0.14975819,3.1422015,5.1231555,8.4151152,0.73831583,4.8074449,1.3141224,0.012978019,0.03072519,44.555782,0.21424458,0.48548062,0.006734601,106.65774,-0.00333647,2.95285E-07,0.10958543,0.078063166,0.32676017,0.008763443,0.17605682,0.074298409
93,11109,butadiene//[RoW] butadiene production,C=CC=C,0.001346313,0.018128576,0.20806127,0.22753616,0.020537563,0.040693142,0.185702,0.2469327,0.000138009,1.1688965,1.5500171,8.184E-05,6.74126E-07,0.00212381,7.10758E-05,3.74253E-05,8.55318E-05,0.0003186,-2.15533E-07,4.37746E-10,0.001187047,0.004606699,0.003440398,7.98784E-06,5.00732E-05,0.006854899
94,15689,butane//[RoW] natural gas production,CCCC,0.001016851,0.008803135,0.20146966,0.21128965,0.008185996,0.018332244,0.18130354,0.20782178,0.00150728,0.39072491,1.8338061,0.021275744,3.63019E-06,0.29677294,0.002904569,0.006033221,3.85628E-05,0.002256258,-3.18225E-06,1.0795E-08,0.000597519,0.002104031,0.002328627,0.000306935,0.000577237,0.000331019
95,11110,"butane-1,4-diol//[RoW] butane-1,4-diol production",C(CCO)CO,0.021134412,0.20791523,0.18387182,0.41292146,0.10240809,0.23186505,0.24601902,0.58029216,0.22311644,5.1162071,2.1906125,0.007951892,0.000301034,0.38087709,0.13774849,0.005336156,0.000490373,0.1223467,-0.000259967,3.58062E-07,0.010930283,0.015927943,0.021949874,0.000336949,0.027415445,0.24648947
96,11111,"butene, mixed//[RoW] butene production, mixed",CCC=C,0.001403025,0.020614949,0.20385844,0.22587642,0.026909605,0.051153038,0.18370992,0.26177256,0.000154466,1.532336,1.6210166,0.000161262,7.83312E-07,0.004814201,9.19779E-05,6.50189E-05,8.97374E-05,0.000430646,-2.70583E-07,5.02781E-10,0.001239861,0.004505702,0.003546537,8.6006E-06,7.82928E-05,0.015873654
97,11112,butyl acetate//[RoW] butyl acetate production,CCCCOC(=O)C,0.016589521,0.12684416,0.23102316,0.37445684,0.073928538,0.15601109,0.25178738,0.48172701,0.19421994,3.5528675,2.1297037,0.004102092,0.00020779,0.27060458,0.16917499,0.003511798,0.000338421,0.11289339,-0.000169595,4.21141E-07,0.006489841,0.01459435,0.015421658,0.000348843,0.020483311,0.035632186
98,11113,butyl acrylate//[RoW] butyl acrylate production,CCCCOC(=O)C=C,0.016098484,0.13155905,0.23459688,0.38225441,0.083734941,0.17827294,0.25583628,0.51784416,0.21599924,4.1473507,2.1560271,0.001971478,0.000185402,0.24723691,0.10179223,0.002546075,0.000354061,0.096346191,-0.000158087,2.29918E-07,0.00714385,0.013299103,0.018453546,0.000142979,0.019156017,0.097766177
99,1639,butyldiglycol acetate//[GLO] butyldiglycol acetate production,CCCCOCCOCCOC(=O)C,0.01307288,0.11969978,0.22060188,0.35337454,0.06134338,0.13194043,0.23339413,0.42667794,0.12225315,3.07311,1.9735825,0.002693815,0.000181256,0.23249404,0.14146737,0.002707676,0.000283166,0.099644405,-0.000136806,2.74385E-07,0.005401184,0.010607518,0.011585331,0.000193972,0.01491128,0.033670597
101,11114,"cadmium chloride, semiconductor-grade//[RoW] cadmium chloride production, semiconductor-grade",Cl[Cd]Cl,0.024057069,0.18823458,0.05204347,0.26433511,0.058807593,0.15165743,0.10920945,0.31967448,0.16795854,2.8611632,0.85221632,0.002162965,0.000298326,0.67677685,0.18797161,0.004808023,0.000369473,0.1443673,-0.00029251,3.04511E-07,0.007851747,0.008303794,0.013852929,0.000405941,0.022703142,0.026195182
107,11118,"cadmium sulfide, semiconductor-grade//[RoW] cadmium sulfide production, semiconductor-grade",S=[Cd],0.036277257,0.27471467,0.10589185,0.41688378,0.085456108,0.21887727,0.18318967,0.48752305,0.25158575,4.1034484,1.4487601,0.004237465,0.000448952,0.98761636,0.2803529,0.007652238,0.000548699,0.24008151,-0.000426911,4.7487E-07,0.011249713,0.012599717,0.020446947,0.000601647,0.037459302,0.040782675
109,11119,"cadmium telluride, semiconductor-grade//[RoW] cadmium telluride production, semiconductor-grade",[Cd]=[Te],0.41730164,2.8042501,0.43057001,3.6521218,0.31621821,1.6292744,0.98682206,2.9323147,0.99279363,15.169631,4.3502457,0.014088456,0.010585929,15.148995,0.90292981,0.16008314,0.003715013,10.092566,-0.003084037,7.03757E-07,0.067918133,0.058857055,0.15988213,0.003310008,0.12554905,0.14966775
113,11115,"cadmium//[RoW] cadmium production, primary",[Cd],0.008105228,0.064564835,0.01823378,0.090903843,0.021497471,0.055621911,0.040646364,0.11776575,0.061074873,1.0413181,0.3041522,0.000836347,0.000130939,0.13975002,0.062505286,0.001512232,0.000126812,0.079166621,-8.45095E-05,4.96478E-08,0.002971987,0.00294839,0.005094187,5.81124E-05,0.008148896,0.006862515
115,11122,calcium borates//[RoW] calcium borates production,B([O-])([O-])[O-].B([O-])([O-])[O-].[Ca+2].[Ca+2].[Ca+2],0.001235374,0.020332481,0.003113675,0.02468153,0.002324879,0.01190591,0.00359375,0.017824539,0.010428184,0.086918677,0.028188767,4.50391E-05,2.59933E-06,0.003465643,0.005089809,4.61382E-05,3.4072E-05,0.001656566,5.40995E-05,1.12882E-08,0.001786588,0.000946077,0.000679146,3.41751E-06,0.000281012,0.000213398
117,11123,"calcium carbide, technical grade//[RoW] calcium carbide production, technical grade",C#C.[Ca],0.015430892,0.19859689,0.061905161,0.27593294,0.077276713,0.18808071,0.15436787,0.41972529,0.10306232,4.0044312,1.2507198,0.002271031,0.000269703,0.2182214,0.14523064,0.002570073,0.00036134,0.052506094,-0.000274423,1.6478E-07,0.010367243,0.035067546,0.013967938,0.000132211,0.024271165,0.024217786
118,11124,"calcium carbonate, precipitated//[RoW] calcium carbonate production, precipitated",C(=O)([O-])[O-].[Ca+2],0.007114383,0.052319722,0.031786596,0.0912207,0.033206234,0.066133932,0.044005594,0.14334576,0.075029636,1.6646355,0.34883038,0.000955284,8.5911E-05,0.11646267,0.046267531,0.001673339,0.000178539,0.057353865,-6.85173E-05,8.62018E-08,0.002322882,0.003176645,0.00419414,0.000168974,0.008439324,0.006400444
121,15541,calcium nitrate//[RoW] calcium nitrate production,[N+](=O)([O-])[O-].[N+](=O)([O-])[O-].[Ca+2],0.016065785,0.089302341,0.049770862,0.15513899,0.06298949,0.127559,0.060212409,0.2507609,0.075178791,3.3321083,0.44692988,0.002520918,0.000176348,0.24967533,0.039744371,0.004058827,0.000557496,0.25783023,-9.64975E-05,1.22352E-07,0.003788369,0.006567938,0.013181935,0.000194376,0.010923965,0.024454544
122,11127,captan//[RoW] captan production,C1C=CCC2C1C(=O)N(C2=O)SC(Cl)(Cl)Cl,0.020615119,0.16495155,0.20269696,0.38826363,0.081227829,0.18408125,0.23928806,0.50459713,0.15287923,4.0334214,1.9733019,0.004739043,0.000277723,0.58700531,0.19023649,0.008361001,0.000909942,0.16247433,-0.000222848,7.57506E-07,0.008061283,0.011851648,0.016121961,0.000703259,0.024908166,0.065142697
123,11128,"carbon dioxide, liquid//[RoW] carbon dioxide production, liquid",C(=O)=O,0.003638916,0.031236946,0.015316525,0.050192387,0.016312912,0.035163687,0.024328443,0.075805043,0.03137949,0.83059329,0.19454677,0.000620761,5.75706E-05,0.068003949,0.019659943,0.000762141,0.000181024,0.038568534,-4.39515E-05,2.87353E-08,0.001329773,0.001614205,0.002392178,0.000217751,0.003972721,0.004151706
124,1674,carbon disulfide//[GLO] carbon disulfide production,C(=S)=S,0.004366925,0.029950674,0.13064123,0.16495883,0.015308898,0.032863082,0.12526049,0.17343248,0.026507731,0.70022676,1.1614699,0.006150924,5.43918E-05,0.12471817,0.064151866,0.002396908,7.88875E-05,0.039733228,-4.06217E-05,2.15003E-07,0.001491873,0.00264791,0.003634398,0.000117988,0.004613959,0.011667465
126,11129,carbon monoxide//[RoW] carbon monoxide production,[C-]#[O+],0.010916801,0.11290017,0.14648208,0.27029905,0.045555217,0.10691325,0.17166618,0.32413465,0.061481185,2.1842348,1.383995,0.002537743,0.000147849,0.16823621,0.24056915,0.00206453,0.000251351,0.048050673,-0.000145239,5.14763E-07,0.006180527,0.007060556,0.010730749,0.000108722,0.013583225,0.010477897
127,11130,carbon tetrachloride//[RoW] carbon tetrachloride production,C(Cl)(Cl)(Cl)Cl,0.005107926,0.055917093,0.062602757,0.12362778,0.029076262,0.07987897,0.062125514,0.17108075,0.000866317,1.6466216,0.57987649,0.000804035,2.71551E-06,0.31866338,0.000191886,0.000703368,0.000298926,0.002785312,-5.16193E-07,2.77696E-06,0.004475547,0.009167805,0.011171463,8.87156E-05,0.000267269,0.056179532
128,10595,"carboxymethyl cellulose, powder//[RoW] carboxymethyl cellulose production, powder",CC(=O)[O-].C(C(C(C(C(C=O)O)O)O)O)O.[Na+],0.0340654,0.20504908,0.11178252,0.35089699,0.14294273,0.20854811,0.17180704,0.52329788,1.7487547,4.2803055,1.4459135,0.004169673,0.000280806,0.45675359,0.1499164,0.005579526,0.000549838,0.10759536,-0.000247541,6.47332E-07,0.011139305,0.013259643,0.019470218,0.000559878,0.037076464,0.048158267
165,11205,chlorine dioxide//[RoW] chlorine dioxide production,O=Cl[O],0.070681889,0.51636994,0.17404865,0.76110048,0.17578741,0.46185601,0.33796877,0.97561219,0.27900112,8.9607614,2.7357916,0.02494336,0.000782714,0.79993022,0.4230207,0.009495501,0.002854939,0.3040242,-0.000562396,4.51962E-07,0.026109917,0.026690634,0.044896033,0.001448343,0.061773879,0.23072098
173,10622,"chlorine, liquid//[RoW] chlorine production, liquid",ClCl,0.0056636,0.058462932,0.017763117,0.081889649,0.020975184,0.053016906,0.038226907,0.112219,0.03986193,1.0595767,0.30349288,0.000850005,9.26906E-05,0.10834443,0.050508209,0.001055134,0.000170334,0.039259484,-7.34365E-05,5.86779E-07,0.002955516,0.003023439,0.004618813,5.63046E-05,0.007848435,0.024286747
175,11206,chloroacetic acid//[RoW] chloroacetic acid production,C(C(=O)O)Cl,0.013087156,0.1069049,0.10781504,0.22780709,0.045240852,0.10912413,0.13422964,0.28859462,0.10153953,2.1575371,1.1142519,0.003777432,0.000194172,0.55714697,0.13840168,0.008640675,0.000281073,0.11095021,-0.00015023,7.03353E-07,0.005212598,0.007813751,0.009839492,0.001040291,0.017706347,0.047615198
176,11207,chloroacetyl chloride//[RoW] chloroacetyl chloride production,C(C(=O)Cl)Cl,0.029757669,0.2442499,0.17263973,0.4466473,0.087198552,0.24753107,0.23218085,0.56691048,0.20281112,4.1647042,1.8877122,0.006752821,0.000416371,1.1189908,0.24301869,0.016648302,0.000588919,0.25770781,-0.000319405,1.46201E-06,0.013819148,0.015383923,0.035673785,0.001755357,0.040040968,0.10009743
177,1792,chlorodifluoromethane//[NL] chlorodifluoromethane production,C(F)(F)Cl,0.030357507,0.57256821,0.19338937,0.79631509,1.3121859,2.4164742,0.22738635,3.9560464,0.27607063,74.069925,1.9832724,0.003269618,0.000402217,12.002233,0.27815978,0.008631343,0.000525684,0.25631842,-0.000223893,0.002190779,0.007874516,0.011440958,0.025279267,0.00033339,0.02858028,0.085092874
179,11209,chloromethyl methyl ether//[RoW] chloromethyl methyl ether production,COCCl,0.009348534,0.072886813,0.11327222,0.19550757,0.03169204,0.07569991,0.12354362,0.23093557,0.058107822,1.5604005,1.1310338,0.005798178,0.000151682,0.38391576,0.049473867,0.004584042,0.000189822,0.1019691,-0.000104487,3.76278E-07,0.003268335,0.00568536,0.006469209,0.000388131,0.01236265,0.025804981
180,11210,chloronitrobenzene//[RoW] chloronitrobenzene production,C1=CC=C(C(=C1)[N+](=O)[O-])Cl,0.021315734,0.16652899,0.17336951,0.36121423,0.084356598,0.18996147,0.21979837,0.49411644,0.10534826,4.3989178,1.8242888,0.05661288,0.000249093,0.38245461,0.082284377,0.008657,0.005372737,0.18225675,-0.000203635,5.56194E-07,0.008103788,0.022113291,0.017896317,0.000351519,0.024217543,0.053171475
181,11211,chloropropionic acid//[RoW] chloropropionic acid production,CC(C(=O)O)Cl,0.016851267,0.14594881,0.14700431,0.30980439,0.065140025,0.15483752,0.18368807,0.40366561,0.11977151,3.246596,1.496186,0.002876204,0.000246276,0.58063693,0.18387627,0.008293102,0.000401317,0.12578559,-0.000191661,9.16893E-07,0.007245383,0.010718162,0.013496262,0.000856217,0.022119547,0.054563522
182,11212,chlorosulfonic acid//[RoW] chlorosulfonic acid production,OS(=O)(=O)Cl,0.014536968,0.085261329,0.036946391,0.13674469,0.018621795,0.06447148,0.05225841,0.13535168,0.067676911,0.82872782,0.38125521,0.001517579,0.00019092,0.27305006,0.045575039,0.00370791,0.00015861,0.15140612,-9.69197E-05,1.88639E-07,0.00380462,0.004046464,0.011265833,0.000276474,0.012381959,0.046705415
183,11213,chlorothalonil//[RoW] chlorothalonil production,C(#N)C1=C(C(=C(C(=C1Cl)Cl)Cl)C#N)Cl,0.023080662,0.17251303,0.164646,0.36023969,0.080172853,0.19143332,0.2073434,0.47894958,0.138709,4.0848506,1.7340907,0.004130687,0.000268012,0.82152469,0.14237516,0.012319635,0.002170909,0.13830948,-0.000214132,9.00823E-07,0.008680205,0.012824582,0.01639474,0.001239706,0.024148954,0.087420014
184,11214,chlorotoluron//[RoW] chlorotoluron production,CC1=C(C=C(C=C1)NC(=O)N(C)C)Cl,0.037414531,0.29641223,0.25313119,0.58695796,0.14158274,0.33420207,0.32346351,0.79924832,0.27417912,7.131564,2.6650095,0.005999832,0.000505704,1.5700858,0.22509503,0.023235598,0.002556067,0.35221357,-0.000378495,1.23672E-06,0.014271027,0.020972458,0.030136565,0.002347777,0.041957285,0.13112324
186,1800,chromite ore concentrate//[GLO] chromite ore concentrate production,[O-][Cr](=O)(=O)[O-].[Fe+2],0.001935228,0.004357626,0.009240613,0.015533466,0.001775766,0.002899369,0.44036186,0.44503699,0.011680408,0.034050021,0.009281249,2.29052E-05,7.135E-06,0.010874902,0.001481236,0.000122179,3.58712E-05,0.007741608,-7.92517E-05,2.64261E-09,0.000259473,0.000781049,0.00072014,3.64461E-06,0.009883026,0.000589545
187,11216,"chromium oxide, flakes//[RoW] chromium oxide production, flakes",O=[Cr]O[Cr]=O,0.51078808,0.26945598,0.16363345,0.94387751,0.12640701,0.29175562,1.154038,1.5722006,0.34403611,6.1068644,1.5645769,0.005163151,0.000404263,0.61196276,0.11309355,0.006704609,0.000733712,0.27264855,-0.0004424,3.13505E-07,0.014372074,0.01538,0.029919805,0.000356539,0.072725991,0.066481317
189,11217,chromium//[RoW] chromium production,[Cr],0.43181648,1.3962889,0.60919726,2.4373026,0.54201972,1.323613,2.6284495,4.4940822,0.79899774,28.186406,8.4817555,0.022855171,0.001412526,1.94585,0.90792915,0.019566368,0.00289813,0.32726496,-0.002109891,1.24819E-06,0.076614083,0.07784136,0.11273678,0.000971754,0.17921252,0.14987029
191,15565,citric acid//[RoW] citric acid production,C(C(=O)O)C(CC(=O)O)(C(=O)O)O,0.15989848,0.27819768,0.11684623,0.55494239,0.68131233,0.30062775,0.20542226,1.1873623,2.0636736,5.9392196,1.5876008,0.009736164,0.000718212,0.86932878,0.16830026,0.011825085,0.007599292,0.25305819,-0.000355834,7.70401E-07,0.015094207,0.019071085,0.041508094,0.00992767,0.094108518,0.38398445
203,1869,cobalt//[GLO] cobalt production,[Co],0.14628452,0.85750301,0.24454852,1.2483361,0.25162043,0.65665225,0.41297417,1.3212468,0.85236855,9.8611538,2.6608178,0.009264357,0.00083388,1.3198908,0.45821165,0.014172995,0.009973317,1.9568985,-0.005468214,7.67418E-07,0.059325309,0.10632756,0.10047158,0.000651652,0.54843021,0.084281099
238,11289,copper carbonate//[RoW] copper carbonate production,C(=O)([O-])[O-].[Cu+2],0.74794051,4.1025343,0.45070038,5.3011751,0.090938352,1.9041849,1.0218715,3.0169948,0.46836788,3.027044,0.94152148,0.35576413,0.018926849,27.380689,0.12315971,0.59575269,0.00408779,19.463729,-0.000982203,1.95966E-07,0.060534827,0.04522729,0.19561332,0.005451943,0.11453631,0.076135926
239,11290,copper oxide//[RoW] copper oxide production,O=[Cu],0.97857199,5.6299509,0.5941235,7.2026464,0.11279687,2.5960441,1.3782043,4.0870453,0.56596807,3.6553698,1.0113384,0.011374053,0.02611534,37.845828,0.1432321,0.41270624,0.005512547,26.900303,-0.001296727,2.10772E-07,0.081182992,0.059311593,0.26155389,0.009060304,0.14829458,0.055840292
241,1943,copper sulfate//[GLO] copper sulfate production,[O-]S(=O)(=O)[O-].[Cu+2],0.54678189,2.9990553,0.33995167,3.8857888,0.072891463,1.401875,0.75947718,2.2342437,0.33486812,2.5614174,0.81480377,0.26733699,0.01379927,19.969214,0.11082669,0.44092465,0.002984669,14.186597,-0.000733984,1.75309E-07,0.044713391,0.033695402,0.14356727,0.004855572,0.085467225,0.054169847
253,11291,"copper//[RoW] copper production, primary",[Cu],2.7347923,12.507061,1.0035526,16.245406,0.16229026,5.9294327,2.3810391,8.472762,0.52454423,4.8951321,1.3848142,0.023413107,0.057075738,119.63199,0.19457515,1.2771239,0.006638241,47.232143,-0.00246333,2.56661E-07,0.14531577,0.093355242,0.47675053,0.022567031,0.28144253,0.098005711
271,11297,cryolite//[RoW] cryolite production,F[Al-3](F)(F)(F)(F)F.[Na+].[Na+].[Na+],0.030884682,0.17623843,0.083596581,0.2907197,0.05036167,0.15050884,0.11600689,0.3168774,0.13275196,2.4043897,0.89303945,0.003089749,0.000326254,0.82685814,0.10989761,0.00490696,0.00041301,0.23897623,-0.000203995,6.21817E-07,0.008235372,0.010202055,0.020868642,0.000252275,0.026576806,0.065652943
273,11298,cumene//[RoW] cumene production,CC(C)C1=CC=CC=C1,0.009504914,0.086448757,0.20696897,0.30292264,0.044506302,0.1024888,0.2301705,0.3771656,0.04611502,2.3680195,1.9585597,0.000895622,0.000120427,0.084305288,0.020204318,0.001180933,0.000197337,0.040553574,-0.000116466,3.0403E-08,0.00471483,0.013644521,0.008269695,5.97733E-05,0.01172533,0.036603854
274,11299,cyanoacetic acid//[RoW] cyanoacetic acid production,C(C#N)C(=O)O,0.0254572,0.19697432,0.23374766,0.45617918,0.096906418,0.22032106,0.27298794,0.59021543,0.17507313,4.7720619,2.3012173,0.016378169,0.000379358,0.81960689,0.21611213,0.012274717,0.003253402,0.20591883,-0.000260287,1.24961E-06,0.009710799,0.014838822,0.020544871,0.004340428,0.033564506,0.094831953
275,11300,cyanogen chloride//[RoW] cyanogen chloride production,C(#N)Cl,0.020852129,0.18079943,0.18093902,0.38259058,0.091467498,0.21352626,0.22159823,0.52659198,0.1259781,4.7478701,1.8886428,0.003436384,0.00032751,0.86869701,0.1485075,0.012744149,0.004293517,0.14000276,-0.000211013,1.32029E-06,0.009214838,0.011984067,0.019164634,0.001323793,0.024783076,0.081365669
276,1956,cyanuric chloride//[GLO] cyanuric chloride production,C1(=NC(=NC(=N1)Cl)Cl)Cl,0.023548032,0.1967592,0.19370155,0.41400878,0.10175106,0.23503272,0.23878083,0.57556461,0.16939394,5.2330067,2.0358077,0.003213277,0.000397375,0.98247081,0.17368022,0.013989859,0.004128035,0.1785422,-0.000237154,1.32081E-06,0.009727922,0.012914079,0.02063452,0.00142606,0.027060304,0.092612395
278,11302,cyclohexane//[RoW] cyclohexane production,C1CCCCC1,0.011835955,0.10127981,0.1894406,0.30255637,0.0466401,0.11187535,0.22930612,0.38782157,0.07310065,2.4108764,1.9446223,0.000765323,0.000148947,0.10051977,0.018247313,0.001404594,0.000226094,0.044449758,-0.000148647,6.19587E-08,0.005668512,0.014670051,0.010017362,7.45531E-05,0.015557157,0.033848724
279,11303,cyclohexanol//[RoW] cyclohexanol production,C1CCC(CC1)O,0.013114712,0.11290375,0.19366658,0.31968504,0.053178538,0.12441553,0.22913818,0.40673225,0.073435138,2.7681434,1.9358236,0.001905997,0.000175798,0.15203587,0.048350584,0.001947649,0.00025554,0.073584217,-0.000161287,8.52029E-08,0.005919032,0.015695105,0.010209967,0.000104366,0.017881158,0.046074035
280,11304,cyclohexanone//[RoW] cyclohexanone production,C1CCC(=O)CC1,0.020893817,0.16317259,0.22350333,0.40756974,0.085812894,0.19407776,0.28502081,0.56491147,0.20904164,4.2684212,2.4250459,0.007217179,0.000238839,0.26704745,0.049132573,0.006451348,0.000394274,0.08758761,-0.000234829,1.80854E-07,0.008947276,0.019951752,0.018668941,0.000163491,0.026725437,0.037635526
281,11305,decabromodiphenyl ether//[RoW] decabromodiphenyl ether production,C1(=C(C(=C(C(=C1Br)Br)Br)Br)Br)OC2=C(C(=C(C(=C2Br)Br)Br)Br)Br,0.062252391,0.44564654,0.42711525,0.93501418,0.2453426,0.56632697,0.51069036,1.3223599,0.32583597,12.618424,4.4271476,0.044001858,0.000538675,0.87669884,0.3762492,0.060823813,0.004145104,0.28819865,-0.000428498,1.94183E-06,0.02697011,0.05957085,0.073305222,0.007291822,0.049625748,0.89039975
296,11322,dichloromethane//[RoW] dichloromethane production,C(Cl)Cl,0.007956826,0.11466601,0.080707437,0.20333028,0.060416759,0.16343936,0.087522302,0.31137842,0.000203364,3.4297381,0.82430461,0.001011019,2.75455E-06,0.51490235,0.000233553,0.001114844,0.000550441,0.002212562,-6.19619E-07,8.79787E-05,0.009094157,0.016758111,0.020869364,7.70392E-05,0.000308929,0.010478798
297,15522,"dichloropropene//[RoW] allyl chloride production, reaction of propylene and chlorine",C(C=CCl)Cl,0.016738889,0.15925525,0.26823792,0.44423206,0.07736081,0.177578,0.29284531,0.54778412,0.12191048,4.0182477,2.4626725,0.002667295,0.000241817,0.29389694,0.10818442,0.00307435,0.000471189,0.1291692,-0.000186848,1.09935E-06,0.00804137,0.012169067,0.01504248,0.000162918,0.020770368,0.057664605
304,13491,diethanolamine//[RoW] ethanolamine production,C(CO)NCCO,0.010767263,0.11926725,0.19680149,0.326836,0.054191056,0.11871904,0.20365755,0.37656764,0.058114137,2.8763672,1.7346482,0.002344102,0.000134729,0.20947792,0.068037065,0.002496575,0.005726292,0.081271679,-0.000104867,1.10367E-07,0.004765505,0.008067836,0.009697649,0.000145613,0.009707856,0.033527677
306,15611,"diethyl ether, without water, in 99.95% solution state//[RoW] ethylene hydration",CCOCC,0.011819369,0.090829087,0.4150665,0.51771495,0.069350193,0.1420827,0.39234653,0.60377943,0.10190834,3.6642425,3.355748,0.001166248,0.001219341,0.17753741,0.018943471,0.002015079,0.00028434,0.11123076,-9.25391E-05,5.46748E-08,0.004481082,0.018327358,0.011852183,8.89431E-05,0.010763943,0.042823638
307,13493,diethylene glycol//[RoW] ethylene glycol production,C(COCCO)O,0.008074901,0.0801011,0.1598919,0.2480679,0.041468816,0.093099252,0.16796993,0.302538,0.052321641,2.1995664,1.414919,0.000983743,0.000121171,0.13255378,0.050582889,0.001430332,0.000186705,0.071148004,-9.26302E-05,4.31884E-08,0.003922229,0.006816548,0.007135549,5.97033E-05,0.008120666,0.020992591
309,11326,dimethenamide//[RoW] dimethenamide production,CC1=CSC(=C1N(C(C)COC)C(=O)CCl)C,0.11111535,1.1546457,0.69288983,1.9586508,0.32329973,1.3137734,0.87278349,2.5098566,0.67159119,15.898015,7.1854741,0.01787207,0.001298584,1.9792321,0.67686331,0.025855371,0.004554657,0.7310895,-0.000968869,3.42695E-06,0.093822658,0.075250279,0.36018352,0.001813619,0.10580165,0.33484017
310,15583,dimethyl carbonate//[RoW] dimethyl carbonate production,COC(=O)OC,0.010489627,0.078227313,0.14411943,0.23283638,0.041390972,0.089759642,0.15266463,0.28381525,0.084413892,2.0853678,1.3144658,0.00283237,0.000162787,0.19287341,0.071721195,0.002557279,0.000251484,0.11295175,-0.000107816,1.38719E-07,0.003367171,0.008231575,0.007202209,0.000201403,0.012592563,0.018545931
311,11327,dimethyl ether//[RoW] dimethyl ether production,COC,0.005787328,0.047053908,0.16942313,0.22226436,0.026618236,0.055841718,0.16374094,0.24620089,0.028356738,1.3315054,1.5871308,0.008379102,0.000107738,0.14551864,0.029275705,0.003181984,0.000125224,0.071691214,-6.83126E-05,2.97929E-07,0.002069828,0.004764716,0.004574401,0.000165516,0.007717779,0.018717287
312,2013,dimethyl hexanediol//[GLO] dimethyl hexanediol production,CC(C)(CCC(C)(C)O)O,0.017421664,0.1603521,0.2235714,0.40134517,0.083865845,0.19000331,0.2540808,0.52794996,0.11270326,4.4054269,2.1960895,0.002482486,0.000306154,0.2627318,0.1348274,0.003042294,0.000409814,0.11742878,-0.000182447,1.61295E-07,0.008250021,0.021600937,0.016997447,0.000157533,0.019078448,0.062025634
313,2014,dimethyl hexynediol//[GLO] dimethyl hexynediol production,CC(C)(C#CC(C)(C)O)O,0.013667633,0.12945213,0.19975873,0.34287849,0.069006878,0.15666801,0.22210224,0.44777713,0.083071576,3.649412,1.9324904,0.001992409,0.000243463,0.19505316,0.10840934,0.00226047,0.000345356,0.077446877,-0.00013898,1.17564E-07,0.006897095,0.019744855,0.014537079,0.000126889,0.015116781,0.055540387
314,11328,dimethyl malonate//[RoW] dimethyl malonate production,COC(=O)CC(=O)OC,0.031200732,0.23390721,0.26389998,0.52900793,0.10980209,0.25204934,0.31118628,0.67303772,0.21505718,5.3860667,2.6418165,0.01668905,0.000474489,0.93558409,0.2306658,0.013764889,0.10326134,0.28840436,-0.000324049,1.54476E-06,0.011040848,0.016577134,0.022819385,0.003729575,0.042256479,0.11656827
315,11329,dimethyl sulfate//[RoW] dimethyl sulfate production,COS(=O)(=O)OC,0.014821245,0.097386948,0.099958903,0.2121671,0.027833591,0.079189884,0.11081086,0.21783433,0.064557248,1.3229969,0.97161708,0.00465671,0.000200739,0.22891488,0.051941389,0.003429067,0.00017674,0.15121353,-0.000110591,1.83219E-07,0.004196778,0.005492327,0.011634359,0.000185039,0.013813528,0.046912372
316,11330,dimethyl sulfide//[RoW] dimethyl sulfide production,CSC,0.00864439,0.065535395,0.20857289,0.28275268,0.035864628,0.076689626,0.20495583,0.31751008,0.043786927,1.7697847,1.9163713,0.009555597,0.000129985,0.20741053,0.074938186,0.004129361,0.000174033,0.087217342,-9.27648E-05,3.65843E-07,0.003085284,0.006064259,0.006965602,0.000226972,0.011511793,0.027894299
317,11331,dimethyl sulfoxide//[RoW] dimethyl sulfoxide production,CS(=O)C,0.00717921,0.054469058,0.16832244,0.22997071,0.028238431,0.060920061,0.16559938,0.25475787,0.038780709,1.3811236,1.54842,0.007685361,0.000112205,0.17334373,0.059597014,0.003285612,0.000141136,0.077839087,-7.91149E-05,2.90596E-07,0.002513847,0.004481245,0.005462321,0.000167674,0.009616326,0.024747787
318,2019,dimethylacetamide//[GLO] dimethylacetamide production,CC(=O)N(C)C,0.016260264,0.11672048,0.23292036,0.3659011,0.062252405,0.13360175,0.24269936,0.43855352,0.097312797,3.0583992,2.1779088,0.009525884,0.000217875,0.31463621,0.16359292,0.005761585,0.008876092,0.13837275,-0.000160547,5.47057E-07,0.005600763,0.010118366,0.012644148,0.000552787,0.019735453,0.052751905
319,2020,dimethylamine borane//[GLO] dimethylamine borane production,[B].CNC,0.045313826,0.36366913,0.34663727,0.75562023,0.14402278,0.3574305,0.41737519,0.91882847,0.26112764,7.1740064,3.6784268,0.015228504,0.000608276,0.91639463,0.32872584,0.01141238,0.013517286,0.34357147,-0.00037462,1.11817E-06,0.018815335,0.023048708,0.038127367,0.000660233,0.047675878,0.10929839
320,11332,dimethylamine//[RoW] dimethylamine production,CNC,0.011268488,0.073375847,0.22548468,0.31012902,0.046314591,0.096063236,0.21769347,0.36007129,0.038848601,2.3610462,2.0713519,0.010806953,0.000132345,0.25401122,0.064579551,0.005439103,0.015956816,0.093346277,-8.87749E-05,4.3683E-07,0.003554503,0.006646115,0.009539408,0.000342587,0.010727368,0.032270979
321,11333,dimethylaminopropylamine//[RoW] dimethylaminopropylamine production,CN(C)CCCN,0.017504346,0.12271287,0.27227766,0.41249488,0.072662185,0.15607582,0.27456652,0.50330453,0.076900783,3.7827982,2.4508184,0.007376721,0.000178406,1.4801602,0.09532404,0.00550905,0.015838056,0.1164833,-0.000138411,3.56084E-07,0.006340806,0.009814035,0.01726081,0.000421356,0.016324955,0.048748269
322,2023,dimethyldichlorosilane//[GLO] dimethyldichlorosilane production,C[Si](C)(Cl)Cl,0.023505685,0.24047093,0.13777086,0.40174747,0.13337617,0.27307102,0.18840556,0.59485276,0.69157213,6.034649,1.6841693,0.002214934,0.000178925,0.67202481,0.12342076,0.002418993,0.000759003,0.051230212,-0.000191137,0.000839948,0.014236057,0.024535575,0.029318438,0.000168098,0.023035604,0.038060732
324,2025,dinitrogen tetroxide//[GLO] dinitrogen tetroxide production,[N+](=O)([N+](=O)[O-])[O-],0.035023019,0.10942879,0.073870456,0.21832226,0.03404726,0.10725903,0.083912248,0.22521853,0.054608412,1.6805621,0.71458756,0.002758581,0.000113163,0.20742048,0.07168769,0.003394919,0.004359208,0.084587438,-8.12633E-05,1.85636E-07,0.009529776,0.003662642,0.056745424,0.000218798,0.008446187,0.028825056
326,11335,dioxane//[RoW] dioxane production,C1COCCO1,0.018830022,0.16982406,0.25305183,0.44170591,0.094023071,0.20576102,0.28589639,0.58568048,0.18572868,4.8109878,2.4117528,0.002635332,0.000257277,0.31019048,0.10975615,0.003259859,0.000415292,0.13784189,-0.000212757,1.45518E-07,0.008482825,0.013873677,0.017571343,0.000169203,0.022761171,0.14878431
328,11337,dipropyl amine//[RoW] dipropyl amine production,CCCNCCC,0.025547065,0.21810104,0.30588776,0.54953587,0.12016339,0.26356899,0.35491866,0.73865103,0.27394502,5.9341605,2.9587772,0.004718406,0.000291861,0.41408581,0.22417301,0.004849914,0.001256605,0.12848018,-0.000272991,5.18141E-07,0.011779615,0.022432606,0.026880131,0.000310365,0.030254808,0.098806435
329,11338,dipropylene glycol monomethyl ether//[RoW] dipropylene glycol monomethyl ether production,COCCCOCCCO,0.022380636,0.21072904,0.22472648,0.45783616,0.092116662,0.2228466,0.27363985,0.5886031,0.15583378,4.6970527,2.2982296,0.004457258,0.000344781,0.95878888,0.17774886,0.012054049,0.000608069,0.17713236,-0.000264726,1.62657E-06,0.010284111,0.016049672,0.018073709,0.001182205,0.030474126,0.090079661
338,2041,"dodecanol//[GLO] dodecanol production, ziegler process",CCCCCCCCCCCCO,0.004799158,0.046411623,0.21745664,0.26866742,0.034658557,0.071682619,0.20490521,0.31124639,0.027949707,1.8891843,1.7671992,0.000602977,5.79064E-05,0.06714874,0.024140531,0.00081025,0.000147071,0.038674722,-4.06509E-05,4.34245E-08,0.002382699,0.086349127,0.005506109,3.42291E-05,0.003694579,0.015410486
348,11357,"DTPA, diethylenetriaminepentaacetic acid//[RoW] DTPA production",C(CN(CC(=O)O)CC(=O)O)N(CCN(CC(=O)O)CC(=O)O)CC(=O)O,0.018407625,0.1398122,0.20251055,0.36073038,0.074805103,0.16644975,0.22224416,0.46349901,0.10303338,3.8580155,1.9375212,0.025548584,0.000265728,0.46467906,0.10833767,0.00632235,0.013051585,0.14533759,-0.00017197,6.95253E-07,0.00684774,0.01075558,0.015193555,0.000942189,0.021553843,0.066310461
352,11362,"EDTA, ethylenediaminetetraacetic acid//[RoW] EDTA production",C(CN(CC(=O)O)CC(=O)O)N(CC(=O)O)CC(=O)O,0.018726489,0.14407709,0.20480937,0.36761295,0.076764676,0.17102321,0.22600564,0.47379352,0.10483433,3.9617931,1.9702019,0.025653491,0.00027051,0.46973573,0.11236381,0.006390296,0.013060766,0.14577761,-0.000177015,7.00672E-07,0.007079714,0.011000928,0.015565715,0.000947599,0.021947619,0.056504931
382,15494,epichlorohydrin//[RoW] epichlorohydrin production from allyl chloride,C1C(O1)CCl,0.013149838,0.11018472,0.1033624,0.22669696,0.056271289,0.12373667,0.1289489,0.30895686,0.1133412,2.8471759,1.0520343,0.002113576,0.000172973,0.22726897,0.090432803,0.002781774,0.000322437,0.096389487,-0.00013724,7.81365E-07,0.005396037,0.007374766,0.009775017,0.000152008,0.017877703,0.03460975
388,15688,ethane//[RoW] natural gas production,CC,0.00117329,0.010157464,0.23246499,0.24379575,0.00944538,0.021152589,0.20919639,0.23979436,0.001739169,0.45083644,2.1159302,0.024548935,4.18868E-06,0.34243032,0.003351426,0.006961409,4.44955E-05,0.002603375,-3.67183E-06,1.24558E-08,0.000689445,0.002427728,0.002686877,0.000354156,0.000666043,0.000381945
393,15596,"ethanol, without water, in 95% solution state, from fermentation//[RoW] ethanol production from maize",CCO,0.21144159,0.10476899,0.085177438,0.40138802,0.98516359,0.13210442,0.10654846,1.2238165,2.243903,3.0718686,0.92405974,0.01149395,0.000447334,0.16075397,0.068643694,0.003558713,0.00973672,0.055308756,-0.000117806,2.21673E-07,0.006551725,0.008585692,0.021839521,0.015446578,0.095341025,0.55609321
413,11437,ethyl acetate//[RoW] ethyl acetate production,CCOC(=O)C,0.013559085,0.099182184,0.19677366,0.30951493,0.056358659,0.12024082,0.20914702,0.3857465,0.13300761,2.729049,1.7805655,0.004199245,0.000390865,0.23010658,0.11281091,0.003275838,0.000264893,0.10877045,-0.000137834,3.12972E-07,0.004933014,0.011874403,0.011732498,0.000384452,0.017631012,0.041558574
414,11438,ethyl benzene//[RoW] ethyl benzene production,CCC1=CC=CC=C1,0.010014487,0.089821734,0.1981498,0.29798602,0.04339586,0.10215886,0.22614077,0.37169549,0.048620803,2.294277,1.9209528,0.000831086,0.000127918,0.086018374,0.020710963,0.001234287,0.000202732,0.040874692,-0.000125102,3.14116E-08,0.004942415,0.013765602,0.008474562,6.2338E-05,0.012634479,0.037667557
415,11439,"ethyl tert-butyl ether//[RoW] ethyl tert-butyl ether production, from bioethanol",CCOC(C)(C)C,0.14255654,0.11828076,0.12351397,0.38435128,0.25408644,0.067648545,0.11990457,0.44163955,1.2481554,1.5487502,0.98027578,0.007323226,0.000152005,0.16854718,0.14865607,0.002166381,0.005324804,0.027066374,-5.62207E-05,4.30381E-07,0.00405199,0.009161634,0.01060661,0.03094729,0.0297136,0.17781586
416,11440,ethylamine//[RoW] ethylamine production,CCN,0.013730411,0.086416222,0.22016887,0.3203155,0.05747021,0.12043566,0.21730816,0.39521403,0.071907596,2.989029,1.8569509,0.00323208,0.000526466,0.24174615,0.063052137,0.003923323,0.007780414,0.10033608,-9.70292E-05,1.90187E-07,0.004335075,0.011763208,0.011623471,0.000265497,0.013353294,0.049569005
417,11441,ethylene bromide//[RoW] ethylene bromide production,C(CBr)Br,0.022319098,0.16882039,0.23000038,0.42113987,0.11658618,0.24400959,0.26581427,0.62641004,0.14416205,6.0790455,2.3073038,0.006248964,0.000251972,0.45208704,0.17782124,0.008297333,0.000474462,0.12905299,-0.000201418,9.15871E-07,0.008353885,0.013217956,0.02057563,0.000705246,0.023065179,0.44857893
418,11442,ethylene carbonate//[RoW] ethylene carbonate production,C1COC(=O)O1,0.006624624,0.041858756,0.099755332,0.14823871,0.027087768,0.055429231,0.10190618,0.18442318,0.074242532,1.3529424,0.84756588,0.00032986,0.000106677,0.10862039,0.063762766,0.001222763,0.000178989,0.074994493,-5.34076E-05,5.36607E-08,0.001582511,0.00375384,0.004493985,0.0001309,0.005585065,0.01479861
419,11443,ethylene dichloride//[RoW] ethylene dichloride production,C(CCl)Cl,0.009429624,0.058291248,0.076307585,0.14402846,0.025174701,0.059396786,0.087381841,0.17195333,0.045986205,1.2803654,0.71812443,0.000789325,0.000103053,0.12435149,0.040337554,0.001339792,0.000168043,0.065059586,-7.3883E-05,4.32882E-07,0.002778109,0.004026937,0.004963598,0.000452723,0.008291917,0.021261226
420,11444,ethylene glycol diethyl ether//[RoW] ethylene glycol diethyl ether production,CCOCCOCC,0.017429034,0.1463001,0.20126885,0.36499798,0.067409224,0.15270616,0.22438105,0.44449644,0.11317593,3.4670318,1.8644455,0.002102944,0.000393406,0.2945825,0.097100501,0.00319308,0.000367701,0.14945851,-0.000180895,5.39605E-07,0.006604615,0.011386522,0.012273362,0.000320062,0.021678924,0.057251144
421,11445,ethylene glycol dimethyl ether//[RoW] ethylene glycol dimethyl ether production,COCCOC,0.009499847,0.093850052,0.19724948,0.30059938,0.045612165,0.099313654,0.2011001,0.34602592,0.055871923,2.3649056,1.8041576,0.005469683,0.000150562,0.19046498,0.05331782,0.002934352,0.000206043,0.096678044,-0.000109435,2.02284E-07,0.003942644,0.007443699,0.007628563,0.000145149,0.011756207,0.033066921
422,11446,ethylene glycol monoethyl ether//[RoW] ethylene glycol monoethyl ether production,CCOCCO,0.008458539,0.084459711,0.17887325,0.2717915,0.043450708,0.094182132,0.18179738,0.31943022,0.058483671,2.2910072,1.5386408,0.001167645,0.000306389,0.14329397,0.040888625,0.001575724,0.000188526,0.077609945,-8.89074E-05,5.15812E-08,0.00361474,0.008089439,0.007245576,7.1699E-05,0.009491246,0.030505256
423,13494,ethylene glycol//[RoW] ethylene glycol production,C(CO)O,0.007359784,0.072098923,0.1376197,0.21707841,0.036569484,0.082535887,0.14573099,0.26483636,0.04824964,1.933668,1.2247961,0.000885892,0.000111386,0.12198589,0.04578456,0.001317417,0.000166082,0.066357785,-8.48422E-05,3.91398E-08,0.003510692,0.005981038,0.006350828,5.43067E-05,0.007438537,0.018240181
424,11447,ethylene oxide//[RoW] ethylene oxide production,C1CO1,0.005934028,0.066401348,0.18481424,0.25714962,0.04065456,0.087654444,0.18453832,0.31284733,0.033789377,2.2064195,1.5776358,0.000811968,8.11978E-05,0.087682407,0.039816438,0.000936961,0.000171132,0.039749139,-6.46254E-05,3.35956E-08,0.003414924,0.006916486,0.006511602,4.47793E-05,0.005660292,0.022839451
425,11450,ethylene vinyl acetate copolymer//[RoW] ethylene vinyl acetate copolymer production,CC(=O)OC=C.C=C,0.007312045,0.059203745,0.22195131,0.2884671,0.040405835,0.083705997,0.21306658,0.33717841,0.04672929,2.1365219,1.8273265,0.001312302,8.36663E-05,0.10197234,0.044815291,0.001368505,0.000208129,0.056135528,-6.20144E-05,8.61099E-08,0.002965,0.007158165,0.006577361,0.000119566,0.007053555,0.033738553
426,11448,"ethylene, average//[RoW] ethylene production, average",C=C,0.00146792,0.019946946,0.20738069,0.22879555,0.024535431,0.047292321,0.18619851,0.25802626,0.000150551,1.3968881,1.6187641,0.000163944,7.60622E-07,0.003887285,8.52567E-05,8.20417E-05,9.46132E-05,0.000406017,-2.53303E-07,4.82885E-10,0.001239236,0.004816454,0.003530417,8.77703E-06,6.85585E-05,0.01051702
428,11451,ethylenediamine//[RoW] ethylenediamine production,C(CN)N,0.027284972,0.1975104,0.28976309,0.51455846,0.09934241,0.22700389,0.31694121,0.6432875,0.13313818,5.1373495,2.679596,0.005939424,0.000293635,0.72661852,0.17292967,0.007148425,0.01254989,0.17843133,-0.000224539,1.05876E-06,0.009820882,0.014109549,0.020966676,0.000724932,0.025915365,0.08910903
512,11504,"fluorine, liquid//[RoW] fluorine production, liquid",FF,0.073579639,0.78131043,0.27875661,1.1336467,0.26766915,0.70900286,0.52890244,1.5055744,0.41782007,13.74088,4.3531,0.012940741,0.001110068,1.4050256,0.64881123,0.011876324,0.001574427,0.39883742,-0.000933303,6.39026E-07,0.041329046,0.04148824,0.072739169,0.000695921,0.080493865,0.12247274
513,4213,"fluorspar, 97% purity//[GLO] fluorspar production, 97% purity",[F-].[F-].[Ca+2],0.002481532,0.015744745,0.002987613,0.021213889,0.004179198,0.01206431,0.007470687,0.023714196,0.025452876,0.17121122,0.043553428,0.000116172,4.00077E-05,0.066853553,0.006302605,0.000532603,2.40417E-05,0.035729744,-2.50855E-05,7.20063E-09,0.000673244,0.000565792,0.001103504,1.62243E-05,0.002536011,0.000789616
515,15722,"fluosilicic acid, without water, in 22% solution state//[RoW] phosphoric acid production, dihydrate process",F.F.F[Si](F)(F)F,0.13128328,0.24844924,0.19161716,0.57134969,0.12037161,0.20774773,0.20188119,0.53000053,0.25497799,2.5108447,1.7420266,0.007106702,0.000391858,0.37134523,0.26796639,0.01102338,0.000761393,0.15837142,0.000350115,4.01489E-07,0.016800474,0.014873059,0.048878485,0.002578406,1.3060574,0.31026136
525,11509,folpet//[RoW] folpet production,C1=CC=C2C(=C1)C(=O)N(C2=O)SC(Cl)(Cl)Cl,0.023321285,0.15605291,0.20348591,0.38286011,0.075522185,0.17552446,0.23342019,0.48446683,0.16217471,3.7667683,1.9880848,0.004374824,0.000249311,0.57105799,0.12406011,0.008553206,0.001061268,0.15013294,-0.000197931,6.00201E-07,0.007931067,0.013701339,0.016877878,0.00072839,0.023341608,0.051509073
528,15584,formaldehyde//[RoW] dimethyl carbonate production,C=O,0.003387866,0.025265308,0.046546682,0.075199856,0.013368165,0.028989938,0.04930655,0.091664654,0.027263406,0.67351744,0.42453693,0.000914779,5.25759E-05,0.0622929,0.023164008,0.000825932,8.12225E-05,0.036480361,-3.48217E-05,4.48026E-08,0.001087505,0.002658576,0.002326119,6.50477E-05,0.004067058,0.005989835
530,11511,"formic acid//[RoW] formic acid production, methyl formate route",C(=O)O,0.014378919,0.13093664,0.13630456,0.28162012,0.066499035,0.14697035,0.17388231,0.3873517,0.16498961,3.1887273,1.4456855,0.00323816,0.000181969,0.23595159,0.17047114,0.00257136,0.000308194,0.071140361,-0.000174845,4.04831E-07,0.007034911,0.009444545,0.014978432,0.000142965,0.017362507,0.15553281
533,11513,fosetyl-Al//[RoW] fosetyl-Al production,CCOP(=O)=O.CCOP(=O)=O.CCOP(=O)=O.[Al+3],0.037345049,0.24583096,0.14462653,0.42780254,0.1081646,0.27940636,0.20329343,0.59086439,0.23072543,5.0588093,1.6386948,0.004040362,0.007224261,0.66484051,0.20723867,0.00757198,0.008247543,0.25597847,-0.000255983,6.92413E-07,0.012150232,0.017304317,0.025233492,0.001033737,0.12889845,0.099620002
551,11568,glucose//[RoW] glucose production,C(C1C(C(C(C(O1)O)O)O)O)O,0.14748481,0.081616399,0.033844436,0.26294565,0.099425844,0.065340502,0.048231146,0.21299749,1.562785,1.3480536,0.37722351,0.004280324,0.000210431,0.18837874,0.05449603,0.002374971,0.010980505,0.085047387,-8.55362E-05,8.65679E-08,0.003410978,0.004200138,0.010350199,0.004199116,0.038444575,0.042497819
557,15585,glycerine//[RoW] esterification of palm oil,C(C(CO)O)O,0.17043665,0.063934513,0.021255786,0.25562695,0.16941327,0.087861638,0.022979536,0.28025444,1.476133,2.3519923,0.20427654,0.02254004,0.00011455,0.082688944,0.011344189,0.002503586,0.011905759,0.01784346,-3.26187E-05,4.69649E-08,0.003432629,0.005297744,0.00755264,0.13635667,0.009485018,0.036659683
562,11570,glycine//[RoW] glycine production,C(C(=O)O)N,0.028965186,0.22320195,0.2023844,0.45455154,0.098633717,0.23138447,0.25728721,0.58730539,0.19716615,4.7419195,2.1290842,0.019982291,0.000389613,0.95847424,0.26839313,0.014717301,0.00531906,0.22661401,-0.000306861,1.48308E-06,0.011010864,0.015404426,0.02179465,0.004993781,0.038929086,0.10518605
563,11571,glyoxal//[RoW] glyoxal production,C(=O)C=O,0.010539974,0.13508039,0.17196787,0.31758823,0.05744951,0.13031124,0.19242595,0.3801867,0.065003341,3.0504428,1.626062,0.00197116,0.000157453,0.19413352,0.083372814,0.002000798,0.000257111,0.072337504,-0.000128345,8.63387E-08,0.005748807,0.008618117,0.01006056,0.00011108,0.011284112,0.04481339
564,11572,glyphosate//[RoW] glyphosate production,C(C(=O)O)NCP(=O)(O)O,0.066961028,0.55261957,0.33342169,0.95300229,0.23636575,0.66197001,0.50626072,1.4045965,0.58449498,11.18904,4.183785,0.02445261,0.01171707,1.7119633,0.61080541,0.025722714,0.003775622,0.4355011,-0.000751766,2.42819E-06,0.028372099,0.037054081,0.049159029,0.004909229,0.092465812,0.2659099
611,14808,"hexafluoroethane//[GLO] hexafluoroethane production, from fluorination of tetrafluoroethane",C(C(F)(F)F)(F)(F)F,0.072503218,0.60086177,0.28700159,0.96036658,0.21737921,0.56464459,0.46823458,1.2502584,0.52384661,10.698904,3.7919294,0.009662486,0.001060362,1.4674809,0.68072883,0.01533979,0.001500564,0.49958595,-0.000745021,2.15418E-06,0.030585842,0.05419742,0.063706256,0.001035069,0.08106591,0.18337282
621,4559,hydrazine sulfate//[GLO] hydrazine sulfate production,NN.OS(=O)(=O)O,0.040810526,0.30036031,0.15041143,0.49158227,0.11330188,0.28459711,0.23668851,0.63458751,0.28233944,5.5103158,1.882439,0.31177313,0.000567528,0.83510567,0.31068001,0.01119454,0.017461282,0.32893966,-0.000394326,2.4159E-06,0.014568172,0.016570821,0.030687752,0.058119072,0.048939829,0.1379702
622,11729,hydrazine//[RoW] hydrazine production,NN,0.086619491,0.67842125,0.36658535,1.1316261,0.27397384,0.6660092,0.56325015,1.5032332,0.56285181,13.594068,4.5401191,1.1525701,0.001163502,1.9442077,0.65645587,0.030295021,0.023737922,0.65046551,-0.0008956,5.66888E-06,0.03358586,0.037965742,0.06530392,0.2232301,0.10912589,0.31492031
626,11730,"hydrochloric acid, without water, in 30% solution state//[RoW] hydrochloric acid production, from the reaction of hydrogen with chlorine",Cl,0.008953729,0.084806326,0.03085925,0.1246193,0.030238005,0.0813368,0.059237057,0.17081186,0.063022589,1.4977463,0.4652468,0.001203496,0.000145859,0.56592455,0.069315039,0.008430815,0.000220684,0.075993408,-0.000109705,5.95301E-07,0.00413788,0.004328072,0.006529577,0.000922633,0.011988648,0.026876103
629,11732,hydrogen cyanide//[RoW] hydrogen cyanide production,C#N,0.005543781,0.084172755,0.34211892,0.43183545,0.12808985,0.23386672,0.31410638,0.67606296,0.000834478,7.288216,3.0775223,0.001651504,0.000417518,0.032168889,0.000586251,0.000558133,0.00109773,0.001270979,-1.67149E-06,2.66379E-09,0.004474906,0.013306079,0.012871421,6.29559E-05,0.000585658,0.030993636
632,10623,hydrogen fluoride//[RoW] hydrogen fluoride production,F,0.026816454,0.14216234,0.080728339,0.24970714,0.030982499,0.10903152,0.097578665,0.23759268,0.11408778,1.3585586,0.7406956,0.003061852,0.000320238,0.38940772,0.067906821,0.004878834,0.000285453,0.26667034,-0.000148592,1.58682E-07,0.006791653,0.008347804,0.021396502,0.000266169,0.020749744,0.053421244
635,11733,"hydrogen peroxide, without water, in 50% solution state//[RoW] hydrogen peroxide production, product in 50% solution state",OO,0.016534513,0.055967256,0.048952797,0.12145457,0.027422556,0.063574894,0.062902016,0.15389947,0.040243503,1.414357,0.5298264,0.001358219,9.60543E-05,0.11020288,0.041551186,0.001459937,0.000261914,0.042382289,-6.61716E-05,1.06382E-07,0.002569441,0.003929776,0.004873353,0.000415607,0.006309297,0.074233143
636,11734,hydrogen sulfide//[RoW] hydrogen sulfide production,S,0.004671397,0.032875088,0.12864051,0.166187,0.015894181,0.035159093,0.12423446,0.17528773,0.02592322,0.7326323,1.1167825,0.005126062,5.62794E-05,0.12553141,0.072848014,0.002192009,8.76301E-05,0.040741629,-4.38231E-05,2.0797E-07,0.001684582,0.002908244,0.003985466,0.000109092,0.005050335,0.020569552
645,15498,"hydrogen, liquid//[RoW] potassium hydroxide production",[HH],0.026527664,0.22512947,0.10221593,0.35387306,0.091850662,0.21991971,0.17635201,0.48812238,0.22846263,4.5462219,1.4249521,0.004014675,0.000384799,0.44455682,0.1693678,0.004897465,0.000500379,0.20869135,-0.000354333,2.4337E-07,0.011027448,0.012888336,0.019607113,0.000232123,0.062793343,0.031700754
646,11739,hydroquinone//[RoW] hydroquinone production,C1=CC(=CC=C1O)O,0.020673135,0.14499918,0.21726056,0.38293287,0.071350697,0.1637152,0.25719363,0.49225953,0.10222302,3.6961629,2.1608728,0.003456043,0.000233693,0.23404113,0.086711023,0.003159196,0.000382363,0.11127129,-0.000201351,1.41848E-07,0.007318906,0.016693816,0.013349751,0.000296896,0.023744255,0.072181942
647,11740,hydroxylamine//[RoW] hydroxylamine production,NO,0.11685729,0.93401677,0.7307616,1.7816357,0.31491489,1.101697,0.84757426,2.2641861,0.53886546,15.610304,7.2231885,0.029002482,0.001068367,1.8746405,0.82577395,0.029011818,0.098315616,0.68767072,-0.000829209,2.64566E-06,0.07324143,0.059981733,0.27918554,0.002022402,0.10942846,0.31051018
649,11741,imidazole//[RoW] imidazole production,C1=CN=CN1,0.022605943,0.19564326,0.29244908,0.51069829,0.095865021,0.21295333,0.31288397,0.62170232,0.10511812,4.9916376,2.7205621,0.008432831,0.000258072,0.55238463,0.14973472,0.006779689,0.01041329,0.15689359,-0.000205146,3.87027E-07,0.008884793,0.014015207,0.019300265,0.000495454,0.023520556,0.083689788
683,11775,"indium tin oxide powder, nanoscale, for sputtering target//[RoW] indium tin oxide powder production, nanoscale, for sputtering target",O.[In].[Sn],2.1509306,2.7439799,1.2061986,6.1011091,0.58447565,2.1477829,2.1831279,4.9153865,1.1491413,29.06978,8.0781397,0.022461693,0.008335817,21.674654,0.78089215,0.30256264,0.007136294,26.459443,-0.00339589,1.71536E-06,0.097491579,0.15068883,0.22335626,0.013379544,0.22691614,0.25939534
684,11773,indium//[RoW] indium production,[In],21.622494,23.350283,8.8733302,53.846107,4.2878877,17.674746,12.022066,33.9847,9.0517618,211.26505,55.833898,0.14693081,0.078906105,213.84567,3.8123652,3.0044796,0.062634156,116.90884,-0.025649604,7.11237E-06,0.74426144,1.1607039,1.8945823,0.13057414,1.8392232,1.7626996
704,11791,iodine//[RoW] iodine production,II,0.017726049,0.13901252,0.18448981,0.34122838,0.1045681,0.21522098,0.21752084,0.53730992,0.07040795,5.5398409,1.9010757,0.007968787,0.000170966,0.29133886,0.14317195,0.006967613,0.000385816,0.068177592,-0.000159708,7.77997E-07,0.007121213,0.010700449,0.017796759,0.000627943,0.017640253,3.3519686
705,10624,"iron (III) chloride, without water, in 40% solution state//[RoW] iron (III) chloride production, product in 40% solution state",Cl[Fe](Cl)Cl,0.008922584,0.059069571,0.015825801,0.083817956,0.017585289,0.046553023,0.034125427,0.098263739,0.069653666,0.79290781,0.22659985,0.000689271,0.00014533,0.17925766,0.038678291,0.002021104,0.000140972,0.11633243,-0.000100573,3.74794E-07,0.002394629,0.002584167,0.004150381,8.05814E-05,0.011203431,0.015998868
710,11794,iron sulfate//[RoW] iron sulfate production,[O-]S(=O)(=O)[O-].[Fe+2],0.002640412,0.018047441,0.004403351,0.025091204,0.005159168,0.013915571,0.010151417,0.029226156,0.020347201,0.23484123,0.066872647,0.00020567,4.48262E-05,0.051190545,0.011282453,0.000572087,3.08321E-05,0.036218693,-2.80741E-05,1.0279E-08,0.000718206,0.000709646,0.001194421,1.80066E-05,0.002764803,0.001297799
711,4649,iron(II) chloride//[GLO] iron(II) chloride production,Cl[Fe]Cl,0.002618272,0.017012185,0.004129826,0.023760282,0.00491337,0.013151463,0.009612666,0.027677498,0.021816097,0.218785,0.062238111,0.000184335,4.48615E-05,0.050399634,0.012813554,0.000563899,3.00533E-05,0.036225574,-2.89429E-05,1.08256E-08,0.000658089,0.000663409,0.00116418,1.7355E-05,0.002685006,0.001388071
714,11797,"iron(III) sulfate, without water, in 12.5% iron solution state//[RoW] iron(III) sulfate production, without water, in 12.5% iron solution state",[O-]S(=O)(=O)[O-].[O-]S(=O)(=O)[O-].[O-]S(=O)(=O)[O-].[Fe+3].[Fe+3],0.00671218,0.042212007,0.021160296,0.070084483,0.006405983,0.029900988,0.039540591,0.075847562,0.032116355,0.25266213,0.18589888,0.000865907,5.8952E-05,0.085272317,0.025807961,0.001327244,7.51657E-05,0.053688139,-4.1298E-05,4.42521E-08,0.002737684,0.002197136,0.00651792,6.99805E-05,0.005721912,0.021042838
716,13516,isobutanol//[RoW] hydroformylation of propylene,CC(C)CO,0.01088998,0.10136556,0.21768442,0.32993997,0.058556756,0.12651786,0.23016995,0.41524456,0.11221144,2.9404604,1.9415347,0.001835641,0.000131755,0.16841026,0.1128434,0.001786721,0.000261471,0.059076306,-0.000120152,2.67907E-07,0.005451895,0.011515846,0.012052512,9.70668E-05,0.01197885,0.01510776
717,11799,isobutyl acetate//[RoW] isobutyl acetate production,CC(C)COC(=O)C,0.017194732,0.13915922,0.23985406,0.39620802,0.077736369,0.16736874,0.26392998,0.50903509,0.17828666,3.788398,2.2305016,0.004460679,0.000215012,0.28533427,0.16448027,0.003662736,0.000357388,0.11609935,-0.000185687,4.27642E-07,0.007185992,0.014876142,0.016370733,0.000365426,0.021797909,0.044705459
718,11800,isohexane//[RoW] isohexane production,CCCC(C)C,0.007760214,0.039737841,0.14447741,0.19197546,0.022562841,0.043507653,0.13842077,0.20449126,0.055287437,0.90146458,1.0862888,0.002211232,7.85208E-05,0.1346925,0.18752021,0.001847939,0.000119404,0.069872147,-6.23877E-05,5.32246E-07,0.001981726,0.011210135,0.005639243,7.98233E-05,0.00933098,0.019099766
719,11802,isopropanol//[RoW] isopropanol production,CC(C)O,0.006423252,0.052153691,0.18707532,0.24565227,0.037564019,0.078215181,0.17883325,0.29461245,0.030638524,2.0283952,1.5402236,0.001190235,6.86392E-05,0.08864427,0.027232259,0.001423315,0.000140541,0.048834863,-4.5449E-05,7.28771E-08,0.002510966,0.008329883,0.006618138,9.5349E-05,0.004858367,0.014694537
720,11803,isopropyl acetate//[RoW] isopropyl acetate production,CC(C)OC(=O)C,0.014505545,0.10843546,0.21933348,0.34227448,0.064030496,0.13604081,0.23057167,0.43064298,0.12675248,3.1792057,1.9702643,0.004278759,0.000178224,0.23797545,0.11589976,0.003548605,0.00028157,0.11170097,-0.000140251,3.20483E-07,0.005333586,0.012384932,0.012910372,0.000392619,0.017565615,0.046863629
722,11804,isopropylamine//[RoW] isopropylamine production,CC(C)N,0.015388688,0.10671408,0.26591001,0.38801277,0.070911869,0.14913549,0.26289064,0.48293801,0.066717991,3.7546558,2.2546458,0.003644868,0.000148142,0.25185493,0.079326368,0.004276424,0.001487148,0.10945839,-0.00011048,2.21864E-07,0.005214582,0.013200516,0.01362667,0.000300049,0.014233313,0.045041012
723,11805,isoproturon//[RoW] isoproturon production,CC(C)C1=CC=C(C=C1)NC(=O)N(C)C,0.036378162,0.29036541,0.28050794,0.60725151,0.1413101,0.33109375,0.35755005,0.8299539,0.26022105,7.1524429,2.9511883,0.005510164,0.000491536,1.366703,0.19572173,0.020394535,0.005106041,0.32979695,-0.000381706,8.6525E-07,0.014185705,0.024398057,0.029817333,0.002026711,0.042149553,0.11450436
727,11806,kaolin//[RoW] kaolin production,O.O.O=[Al]O[Si](=O)O[Si](=O)O[Al]=O,0.000910133,0.010274249,0.004909,0.016093382,0.004519729,0.010726065,0.008448252,0.023694046,0.008200765,0.23066176,0.072810765,0.00020692,1.28998E-05,0.014210157,0.008244739,0.000138062,2.33241E-05,0.002736975,-1.24066E-05,1.97284E-08,0.000556867,0.000613964,0.001019033,9.54443E-06,0.001109967,0.003154013
733,11807,lactic acid//[RoW] lactic acid production,CC(C(=O)O)O,0.018926666,0.14377426,0.21718239,0.37988332,0.080218847,0.17823215,0.23764608,0.49609708,0.11852025,4.178651,2.0217443,0.003193856,0.000267203,0.41846387,0.097145597,0.005835915,0.003069008,0.14563786,-0.000170446,3.71935E-07,0.00705918,0.011954488,0.016280846,0.000493768,0.01934782,0.058943815
741,15042,lead//[GLO] primary lead production from concentrate,[Pb],0.11295309,1.0875726,0.1642279,1.3647536,0.044451771,0.38859375,0.16672385,0.59976937,0.15250471,2.0284418,0.45433072,0.008276799,0.001544168,12.010823,0.04342124,0.011731778,0.000994809,2.3895173,-0.00025768,7.97668E-08,0.012989776,0.016332817,0.046572979,0.000213537,0.022228109,0.013489053
764,4907,"lithium carbonate//[GLO] lithium carbonate production, from concentrated brine",[Li+].[Li+].C(=O)([O-])[O-],0.026611866,0.1579723,0.058228897,0.24281306,0.054775916,0.11820898,0.087782554,0.26076745,0.2971268,2.1598313,0.65506408,0.001951268,0.000246711,0.67100144,0.092712774,0.00423201,0.001603003,0.14895824,-0.001053175,1.92012E-07,0.00610237,0.009915553,0.015950033,0.000231299,0.057329624,0.04127933
765,4908,lithium chloride//[GLO] lithium chloride production,[Li+].[Cl-],0.035095043,0.22936483,0.083728662,0.34818853,0.087118359,0.19679997,0.13595925,0.41987758,0.35351294,3.8224502,1.0218114,0.002919262,0.000387115,0.97706371,0.15968705,0.008872986,0.001679902,0.23564921,-0.001077973,5.44063E-07,0.0094834,0.01342973,0.021952876,0.00068142,0.06674593,0.069529916
766,11866,lithium fluoride//[RoW] lithium fluoride production,[Li+].[F-],0.060937092,0.34898762,0.17469133,0.58461605,0.12692767,0.43034479,0.22949344,0.7867659,0.5518748,5.4204574,1.7750834,0.005386719,0.000565654,10.953587,0.21890048,0.010779088,0.029742582,0.40023841,-0.001680597,4.81104E-07,0.015155059,0.022013805,0.043898281,0.000583881,0.1052195,0.12002787
767,11867,lithium hexafluorophosphate//[RoW] lithium hexafluorophosphate production,[Li+].F[P-](F)(F)(F)(F)F,0.16109247,0.96640623,0.61711012,1.7446088,0.41691141,1.3170823,0.80164042,2.5356342,1.4150173,18.955049,6.4306731,0.018201129,0.001747645,13.924859,1.1712787,0.19157918,0.008383538,1.0569275,-0.001409613,2.66367E-06,0.051713257,0.065708759,0.14138696,0.0238249,0.18373949,0.38866364
768,4911,lithium hydroxide//[GLO] lithium hydroxide production,[Li+].[OH-],0.052731707,0.32422449,0.14252093,0.51947713,0.133884,0.28373672,0.20233843,0.61995916,0.5285881,5.8691587,1.5374645,0.004186263,0.000499253,1.2301086,0.22557003,0.00934553,0.002732501,0.30945024,-0.001771419,4.62254E-07,0.012993642,0.020696103,0.031587174,0.000497235,0.10733965,0.074920234
769,4912,lithium manganese oxide//[GLO] lithium manganese oxide production,[Li+].[O-][Mn]=O.O=[Mn]=O,0.024498021,0.16132365,0.11002718,0.29584885,0.089530704,0.18455375,3.5791213,3.8532057,0.24722317,4.2635387,1.2624904,0.002444851,0.000304371,0.37755985,0.26782803,0.003738682,0.000732141,73.982412,-0.000577181,3.23433E-07,0.007409372,0.010944583,0.016982158,0.000189897,0.056674611,0.082447609
771,11874,magnesium oxide//[RoW] magnesium oxide production,O=[Mg],0.00451258,0.11451581,0.00312704,0.12215543,0.019981931,0.056570497,0.006862328,0.083414756,0.007299996,1.1136036,0.056612868,0.024689694,1.1404E-05,0.35852328,0.008422413,0.021142345,0.000146839,0.002362622,-9.20556E-06,8.13468E-09,0.003758072,0.001476268,0.001620252,2.76772E-05,0.000941255,0.001440436
772,11875,magnesium sulfate//[RoW] magnesium sulfate production,[O-]S(=O)(=O)[O-].[Mg+2],0.00158851,0.037657346,0.006714953,0.045960809,0.008368656,0.028447608,0.01493029,0.051746555,0.010810028,0.43793873,0.12545124,0.000331865,2.55164E-05,0.023979141,0.020080856,0.000211627,5.10207E-05,0.002918257,-2.53289E-05,1.66612E-08,0.002685973,0.001298314,0.001863318,1.3968E-05,0.001965468,0.002154261
